0,0.0005341,20,0
0.57772,0.00052047,20,0
1.1554,0.00050684,20,0
1.7331,0.0004932,20,0
2.3109,0.00047957,20,0
2.8886,0.00046594,20,0
3.4663,0.00045231,20,0
4.044,0.00043868,20,0
4.6217,0.00042505,20,0
5.1994,0.00041141,20,0
5.7772,0.00039778,20,0
6.3545,0.00038416,20,0
6.9319,0.00037053,20,0
7.5093,0.00035691,20,0
8.0867,0.00034329,20,0
8.664,0.00032966,20,0
9.2414,0.00031604,20,0
9.8188,0.00030242,20,0
10.396,0.00028879,20,0
10.974,0.00027517,20,0
11.551,0.00026154,20,0
12.131,0.00024785,20,0
12.712,0.00023415,20,0
13.292,0.00022046,20,0
13.873,0.00020676,20,0
14.453,0.00019306,20,0
15.033,0.00017937,20,0
15.614,0.00016567,20,0
16.194,0.00015198,20,0
16.775,0.00013828,20,0
17.355,0.00012459,20,0
17.857,0.00011274,20,0
18.359,0.00010089,20,0
18.862,8.904e-05,20,0
19.364,7.7192e-05,20,0
19.866,6.5343e-05,20,0
20.368,5.3495e-05,20,0
20.87,4.1647e-05,20,0
21.372,2.9798e-05,20,0
21.874,1.795e-05,20,0
22.377,6.1016e-06,20,0
22.884,-5.8679e-06,20,0
23.391,-1.7837e-05,20,0
23.898,-2.9807e-05,20,0
24.406,-4.1776e-05,20,0
24.913,-5.3746e-05,20,0
25.42,-6.5715e-05,20,0
25.927,-7.7685e-05,20,0
26.435,-8.9654e-05,20,0
26.942,-0.00010162,20,0
27.449,-0.00011359,20,0
27.962,-0.00012569,20,0
28.474,-0.00013778,20,0
28.987,-0.00014987,20,0
29.499,-0.00016196,20,0
30.011,-0.00017405,20,0
30.524,-0.00018615,20,0
31.036,-0.00019824,20,0
31.549,-0.00021033,20,0
32.061,-0.00022242,20,0
32.574,-0.00023452,20,0
33.087,-0.00024661,20,0
33.599,-0.00025871,20,0
34.112,-0.00027081,20,0
34.625,-0.00028291,20,0
35.137,-0.00029501,20,0
35.65,-0.00030711,20,0
36.163,-0.00031921,20,0
36.676,-0.0003313,20,0
37.188,-0.0003434,20,0
37.701,-0.0003555,20,0
38.203,-0.00036734,20,0
38.705,-0.00037918,20,0
39.207,-0.00039103,20,0
39.709,-0.00040287,20,0
40.21,-0.00041471,20,0
40.712,-0.00042655,20,0
41.214,-0.00043839,20,0
41.716,-0.00045023,20,0
42.218,-0.00046207,20,0
42.719,-0.00047391,20,0
43.281,-0.00048715,20,0
43.842,-0.00043734,20,0
44.403,-0.00038752,20,0
44.964,-0.00033771,20,0
45.525,-0.00028789,20,0
46.086,-0.00023808,20,0
46.647,-0.00018826,20,0
47.209,-0.00013844,20,0
47.77,-8.8627e-05,20,0
48.331,-3.8811e-05,20,0
48.869,8.9271e-06,20,0
49.406,5.6665e-05,20,0
49.944,0.0001044,20,0
50.482,0.00015214,20,0
51.019,0.00019988,20,0
51.557,0.00024762,20,0
52.095,0.00029536,20,0
52.633,0.00034309,20,0
53.17,0.00039083,20,0
53.708,0.00043857,20,0
54.232,0.00048506,20,0
54.756,0.00053156,20,0
55.279,0.00057805,20,0
55.803,0.00062455,20,0
56.327,0.00067105,20,0
56.85,0.00071754,20,0
57.374,0.00076404,20,0
57.898,0.00081053,20,0
58.422,0.00085703,20,0
58.945,0.00090352,20,0
59.473,0.00095034,20,0
60,0.00099716,20,0
60.528,0.001044,20,0
61.055,0.0010908,20,0
61.582,0.0011376,20,0
62.11,0.0011845,20,0
62.637,0.0012313,20,0
63.165,0.0012781,20,0
63.692,0.0013249,20,0
64.219,0.0013717,20,0
64.764,0.0014201,20,0
65.309,0.0014684,20,0
65.853,0.0015168,20,0
66.398,0.0015651,20,0
66.942,0.0016135,20,0
67.487,0.0016618,20,0
68.032,0.0017102,20,0
68.576,0.0017585,20,0
69.121,0.0018069,20,0
69.666,0.0018552,20,0
70.222,0.0019046,20,0
70.778,0.001954,20,0
71.335,0.0020034,20,0
71.891,0.0020528,20,0
72.447,0.0021022,20,0
73.004,0.0021516,20,0
73.56,0.002201,20,0
74.116,0.0022504,20,0
74.673,0.0022998,20,0
75.229,0.0022503,20,0
75.797,0.0021998,20,0
76.365,0.0021493,20,0
76.934,0.0020988,20,0
77.502,0.0020483,20,0
78.07,0.0019978,20,0
78.638,0.0019473,20,0
79.206,0.0018968,20,0
79.774,0.0018463,20,0
80.342,0.0017958,20,0
80.91,0.0017453,20,0
81.486,0.0016941,20,0
82.061,0.0016429,20,0
82.637,0.0015918,20,0
83.212,0.0015406,20,0
83.788,0.0014895,20,0
84.364,0.0014383,20,0
84.939,0.0013871,20,0
85.515,0.001336,20,0
86.09,0.0012848,20,0
86.666,0.0012336,20,0
87.168,0.001189,20,0
87.67,0.0011443,20,0
88.172,0.0010997,20,0
88.674,0.0010551,20,0
89.177,0.0010104,20,0
89.679,0.00096577,20,0
90.181,0.00092113,20,0
90.683,0.00087648,20,0
91.185,0.00083184,20,0
91.688,0.00078719,20,0
92.196,0.00074196,20,0
92.705,0.00069672,20,0
93.214,0.00065148,20,0
93.723,0.00060624,20,0
94.232,0.00056101,20,0
94.741,0.00051577,20,0
95.25,0.00047053,20,0
95.759,0.0004253,20,0
96.267,0.00038006,20,0
96.776,0.00033482,20,0
97.292,0.000289,20,0
97.807,0.00024317,20,0
98.323,0.00019735,20,0
98.838,0.00015153,20,0
99.354,0.00010571,20,0
99.869,5.9883e-05,20,0
100.38,1.4061e-05,20,0
100.9,-3.1762e-05,20,0
101.42,-7.7585e-05,20,0
101.93,-0.00012341,20,0
102.45,-0.00016984,20,0
102.98,-0.00021627,20,0
103.5,-0.00026271,20,0
104.02,-0.00030914,20,0
104.54,-0.00035557,20,0
105.06,-0.00040201,20,0
105.59,-0.00044844,20,0
106.11,-0.00049487,20,0
106.63,-0.00054131,20,0
107.15,-0.00058774,20,0
107.68,-0.00063454,20,0
108.21,-0.00061892,20,0
108.73,-0.00060329,20,0
109.26,-0.00058767,20,0
109.79,-0.00057204,20,0
110.31,-0.00055642,20,0
110.84,-0.00054079,20,0
111.37,-0.00052516,20,0
111.89,-0.00050954,20,0
112.42,-0.00049391,20,0
112.95,-0.00047826,20,0
113.47,-0.0004626,20,0
114,-0.00044695,20,0
114.53,-0.0004313,20,0
115.06,-0.00041564,20,0
115.58,-0.00039999,20,0
116.11,-0.00038433,20,0
116.64,-0.00036868,20,0
117.17,-0.00035303,20,0
117.69,-0.00033737,20,0
118.22,-0.00032172,20,0
118.75,-0.00030606,20,0
119.28,-0.00029041,20,0
119.8,-0.00027475,20,0
120.33,-0.0002591,20,0
120.86,-0.00024344,20,0
121.39,-0.00022779,20,0
121.91,-0.00021213,20,0
122.44,-0.00019648,20,0
122.97,-0.00018082,20,0
123.5,-0.00016516,20,0
124.02,-0.00014951,20,0
124.55,-0.00013385,20,0
125.08,-0.00011819,20,0
125.61,-0.00010253,20,0
126.13,-8.6876e-05,20,0
126.66,-7.1219e-05,20,0
127.19,-5.5561e-05,20,0
127.72,-3.9903e-05,20,0
128.24,-2.4246e-05,20,0
128.77,-8.6528e-06,20,0
129.29,6.9403e-06,20,0
129.82,2.2533e-05,20,0
130.35,3.8127e-05,20,0
130.87,5.372e-05,20,0
131.4,6.9313e-05,20,0
131.92,8.4906e-05,20,0
132.45,0.0001005,20,0
132.97,0.00011609,20,0
133.5,0.00013169,20,0
134.02,0.00014718,20,0
134.54,0.00016267,20,0
135.06,0.00017817,20,0
135.59,0.00019366,20,0
136.11,0.00020915,20,0
136.63,0.00022465,20,0
137.15,0.00024014,20,0
137.67,0.00025563,20,0
138.2,0.00027113,20,0
138.72,0.00028662,20,0
139.23,0.00030169,20,0
139.73,0.00031677,20,0
140.24,0.00033184,20,0
140.75,0.00034691,20,0
141.26,0.00036199,20,0
141.77,0.00037706,20,0
142.27,0.00039214,20,0
142.78,0.00040721,20,0
143.29,0.00042228,20,0
143.8,0.00043736,20,0
144.38,0.00045461,20,0
144.96,0.00047187,20,0
145.54,0.00048913,20,0
146.12,0.00050639,20,0
146.7,0.00052364,20,0
147.29,0.0005409,20,0
147.87,0.00055816,20,0
148.45,0.00057541,20,0
149.03,0.00059267,20,0
149.61,0.00060993,20,0
150.19,0.00062707,20,0
150.77,0.0006442,20,0
151.34,0.00066134,20,0
151.92,0.00067848,20,0
152.5,0.00069562,20,0
153.08,0.00071275,20,0
153.65,0.00072989,20,0
154.23,0.00074703,20,0
154.81,0.00076417,20,0
155.39,0.0006209,20,0
155.96,0.00047862,20,0
156.53,0.00033634,20,0
157.11,0.00019405,20,0
157.68,5.1768e-05,20,0
158.25,-9.0516e-05,20,0
158.83,-0.0002328,20,0
159.4,-0.00037508,20,0
159.97,-0.00051737,20,0
160.55,-0.00065965,20,0
161.12,-0.00080194,20,0
161.69,-0.00094183,20,0
162.25,-0.0010817,20,0
162.81,-0.0012216,20,0
163.38,-0.0013615,20,0
163.94,-0.0015014,20,0
164.5,-0.0016413,20,0
165.07,-0.0017812,20,0
165.63,-0.0019211,20,0
166.2,-0.002061,20,0
166.76,-0.0022009,20,0
167.31,-0.0023375,20,0
167.86,-0.0024742,20,0
168.41,-0.0026108,20,0
168.96,-0.0027475,20,1.29e-13
169.51,-0.0028841,20,-2.58e-13
170.07,-0.0030208,20,-5.1601e-13
170.62,-0.0031574,20,1.419e-12
171.17,-0.0032941,20,1.677e-12
171.72,-0.0034307,20,-7.6112e-12
172.27,-0.0035674,20,-2.4977e-12
172.81,-0.0037015,20,3.3522e-11
173.35,-0.0038356,20,-6.31e-12
173.89,-0.0039696,20,-1.3475e-10
174.43,-0.0041037,20,9.3072e-11
174.97,-0.0042378,20,5.0533e-10
175.51,-0.0043719,20,-6.5269e-10
176.05,-0.004506,20,-1.7335e-09
176.59,-0.0046401,20,3.6695e-09
177.13,-0.0047742,20,5.2489e-09
177.67,-0.0046876,20,-1.8149e-08
178.21,-0.0046013,20,-1.2903e-08
178.75,-0.004515,20,8.1854e-08
179.29,-0.0044287,20,1.5039e-08
179.83,-0.0043423,20,-3.4539e-07
180.37,-0.004256,20,9.8402e-08
180.91,-0.0041697,20,1.3691e-06
181.44,-0.0040834,20,-1.0594e-06
181.98,-0.0039971,20,-5.0737e-06
182.52,-0.0039108,20,6.945e-06
183.06,-0.0038244,20,1.7184e-05
183.6,-0.0037376,20,-3.8632e-05
184.14,-0.0036507,20,-5.0453e-05
184.69,-0.0035639,20,0.0001906
185.23,-0.003477,20,0.00011073
185.77,-0.0033901,20,-0.00085824
186.31,-0.0033033,20,-2.4765e-05
186.85,-0.0032164,20,0.0035801
187.4,-0.0031295,20,-0.0017267
187.94,-0.0030427,20,-0.020039
188.48,-0.0029558,19.999,-0.038733
189.03,-0.0028685,19.998,-0.05434
189.57,-0.0027813,19.997,-0.070299
190.11,-0.002694,19.995,-0.086959
190.66,-0.0026067,19.993,-0.10344
191.2,-0.0025194,19.99,-0.11978
191.75,-0.0024321,19.987,-0.13618
192.29,-0.0023448,19.983,-0.15261
192.84,-0.0022576,19.979,-0.16903
193.38,-0.0021703,19.974,-0.18544
193.93,-0.002083,19.969,-0.20189
194.47,-0.0019954,19.964,-0.21837
195.02,-0.0019079,19.958,-0.23485
195.57,-0.0018203,19.951,-0.25133
196.11,-0.0017328,19.944,-0.26782
196.66,-0.0016452,19.937,-0.28431
197.21,-0.0015577,19.929,-0.30081
197.75,-0.0014701,19.921,-0.31732
198.3,-0.0013826,19.912,-0.33383
198.85,-0.001295,19.903,-0.35035
199.39,-0.0012075,19.893,-0.36685
199.94,-0.0011202,19.883,-0.38333
200.48,-0.0010329,19.873,-0.39981
201.03,-0.00094563,19.862,-0.41631
201.57,-0.00085835,19.85,-0.43281
202.12,-0.00077107,19.839,-0.44933
202.66,-0.00068379,19.826,-0.46585
203.2,-0.00059651,19.813,-0.48238
203.75,-0.00050923,19.8,-0.49892
204.29,-0.00042195,19.786,-0.51548
204.84,-0.00033467,19.772,-0.532
205.38,-0.00024777,19.758,-0.54851
205.92,-0.00016086,19.743,-0.56502
206.47,-7.3954e-05,19.727,-0.58155
207.01,1.2952e-05,19.711,-0.59809
207.55,9.9858e-05,19.695,-0.61464
208.09,0.00018676,19.678,-0.63121
208.63,0.00027367,19.66,-0.64778
209.18,0.00036057,19.642,-0.66438
209.72,0.00044748,19.624,-0.68098
210.26,0.00053439,19.605,-0.69751
210.8,0.00062037,19.586,-0.71397
211.34,0.00070634,19.567,-0.73045
211.87,0.00079232,19.547,-0.74694
212.41,0.0008783,19.526,-0.76344
212.94,0.00096428,19.505,-0.77996
213.48,0.0010503,19.484,-0.7965
214.02,0.0011362,19.462,-0.81306
214.55,0.0012222,19.439,-0.82964
215.09,0.0013082,19.416,-0.84623
215.63,0.0012401,19.393,-0.86272
216.16,0.001173,19.37,-0.87912
216.69,0.0011059,19.345,-0.89554
217.21,0.0010388,19.321,-0.91198
217.74,0.00097166,19.296,-0.92844
218.27,0.00090455,19.271,-0.94492
218.8,0.00083743,19.245,-0.96142
219.33,0.00077031,19.218,-0.97795
219.86,0.00070319,19.191,-0.99449
220.39,0.00063607,19.164,-1.0111
220.92,0.00056895,19.136,-1.0274
221.43,0.00050358,19.108,-1.0436
221.95,0.0004382,19.08,-1.0598
222.47,0.00037282,19.051,-1.076
222.98,0.00030744,19.022,-1.0923
223.5,0.00024207,18.993,-1.1085
224.01,0.00017669,18.963,-1.1248
224.53,0.00011131,18.932,-1.1412
225.04,4.5932e-05,18.901,-1.1575
225.56,-1.9445e-05,18.869,-1.1739
226.07,-8.4825e-05,18.837,-1.1912
226.64,-0.00015675,18.802,-1.2093
227.21,-0.00022868,18.765,-1.2274
227.78,-0.00030061,18.728,-1.2456
228.34,-0.00037254,18.69,-1.2637
228.91,-0.00044447,18.652,-1.282
229.48,-0.0005164,18.613,-1.3002
230.04,-0.00058833,18.573,-1.3185
230.61,-0.00066026,18.533,-1.3368
231.18,-0.00073219,18.492,-1.3552
231.74,-0.00080412,18.451,-1.3731
232.29,-0.00087297,18.41,-1.3908
232.83,-0.001466,18.369,-1.4085
233.37,-0.0020591,18.328,-1.4262
233.92,-0.0026521,18.285,-1.444
234.46,-0.0032452,18.242,-1.4618
235,-0.0038383,18.199,-1.4796
235.54,-0.0044313,18.155,-1.4975
236.09,-0.0050244,18.11,-1.5155
236.63,-0.0056174,18.065,-1.5334
237.17,-0.0062105,18.018,-1.551
237.69,-0.0067768,17.974,-1.5682
238.21,-0.0073432,17.929,-1.5855
238.73,-0.0079095,17.883,-1.6028
239.25,-0.0084759,17.836,-1.6202
239.77,-0.0090422,17.789,-1.6376
240.28,-0.0096086,17.741,-1.655
240.8,-0.010175,17.693,-1.6725
241.32,-0.010741,17.644,-1.6901
241.84,-0.011308,17.594,-1.7077
242.36,-0.011874,17.544,-1.726
242.91,-0.012473,17.49,-1.7447
243.45,-0.013071,17.436,-1.7634
244,-0.01367,17.38,-1.7822
244.55,-0.014269,17.324,-1.8012
245.1,-0.014867,17.267,-1.8202
245.65,-0.015466,17.209,-1.8388
246.19,-0.016065,17.151,-1.8579
246.74,-0.016663,17.091,-1.8786
247.29,-0.017262,17.031,-1.8966
247.84,-0.017861,16.97,-1.9094
248.37,-0.018438,16.911,-1.9353
248.9,-0.019016,16.85,-1.9753
249.42,-0.019593,16.788,-1.9579
249.95,-0.020171,16.726,-1.8663
250.48,-0.020748,16.667,-1.7742
251.01,-0.021326,16.611,-1.6999
251.54,-0.021903,16.557,-1.6238
252.07,-0.022481,16.505,-1.543
252.6,-0.023059,16.456,-1.4627
253.12,-0.023636,16.409,-1.383
253.66,-0.024217,16.364,-1.3025
254.19,-0.024798,16.322,-1.2215
254.72,-0.025379,16.282,-1.1404
255.25,-0.025959,16.245,-1.0591
255.78,-0.02654,16.21,-0.97788
256.31,-0.027121,16.178,-0.89592
256.85,-0.027702,16.148,-0.81296
257.38,-0.028283,16.122,-0.73228
257.91,-0.028864,16.097,-0.65378
258.44,-0.029444,16.076,-0.56383
258.98,-0.030032,16.057,-0.46841
259.52,-0.02981,16.041,-0.41978
260.05,-0.029589,16.027,-0.4151
260.59,-0.029368,16.013,-0.40342
261.13,-0.029147,16,-0.38182
261.67,-0.028925,15.987,-0.36304
262.2,-0.028704,15.975,-0.34633
262.74,-0.028483,15.963,-0.32869
263.28,-0.028261,15.952,-0.31063
263.82,-0.02804,15.942,-0.29271
264.36,-0.027816,15.932,-0.27472
264.91,-0.027592,15.922,-0.25665
265.45,-0.027368,15.913,-0.23856
266,-0.027143,15.905,-0.22047
266.54,-0.026919,15.898,-0.20238
267.09,-0.026695,15.891,-0.18427
267.63,-0.026471,15.884,-0.16615
268.17,-0.026247,15.879,-0.14802
268.72,-0.026022,15.874,-0.12989
269.26,-0.025798,15.869,-0.11171
269.81,-0.025573,15.865,-0.093482
270.36,-0.025348,15.862,-0.075251
270.91,-0.025123,15.86,-0.057016
271.45,-0.024897,15.858,-0.038776
272,-0.024672,15.856,-0.020533
272.55,-0.024447,15.856,-0.0022884
273.09,-0.024222,15.855,0.015959
273.64,-0.023997,15.856,0.034207
274.19,-0.023772,15.857,0.052455
274.73,-0.023546,15.859,0.070725
275.28,-0.023321,15.861,0.089017
275.83,-0.023095,15.865,0.10731
276.38,-0.022869,15.868,0.12559
276.93,-0.022643,15.873,0.14387
277.48,-0.022418,15.878,0.16216
278.03,-0.022192,15.883,0.18044
278.57,-0.021966,15.889,0.19868
279.12,-0.021741,15.896,0.21688
279.67,-0.021882,15.904,0.2351
280.22,-0.022023,15.912,0.25335
280.77,-0.022164,15.921,0.27163
281.32,-0.022306,15.93,0.2899
281.87,-0.022447,15.94,0.30816
282.42,-0.022589,15.951,0.32641
282.97,-0.02273,15.962,0.34465
283.52,-0.022872,15.974,0.36288
284.07,-0.023014,15.986,0.38109
284.62,-0.023155,15.999,0.39929
285.17,-0.023297,16.013,0.41748
285.72,-0.023438,16.028,0.43572
286.28,-0.023581,16.043,0.45402
286.83,-0.023724,16.058,0.4723
287.39,-0.023866,16.075,0.49057
287.94,-0.024009,16.092,0.50882
288.5,-0.024152,16.109,0.52705
289.05,-0.024294,16.127,0.54526
289.61,-0.024437,16.146,0.56346
290.16,-0.02458,16.165,0.58163
290.72,-0.024722,16.185,0.59978
291.27,-0.024865,16.206,0.61798
291.83,-0.025009,16.227,0.63622
292.39,-0.025152,16.249,0.65444
292.95,-0.025296,16.272,0.67263
293.51,-0.02544,16.295,0.69081
294.07,-0.025584,16.318,0.70895
294.63,-0.025727,16.343,0.72707
295.19,-0.025871,16.368,0.74517
295.74,-0.026015,16.393,0.76326
296.3,-0.026158,16.419,0.78129
296.86,-0.026302,16.446,0.79839
297.36,-0.026431,16.47,0.8146
297.87,-0.02656,16.495,0.83095
298.37,-0.026689,16.52,0.84679
298.87,-0.026818,16.546,0.86205
299.37,-0.026947,16.572,0.87909
299.87,-0.027076,16.599,0.8982
300.37,-0.027205,16.626,0.91044
300.87,-0.027334,16.653,0.91491
301.38,-0.027463,16.681,0.9452
301.88,-0.027592,16.709,1.0152
302.38,-0.027722,16.74,1.091
302.89,-0.027277,16.773,1.1562
303.39,-0.026833,16.807,1.2198
303.9,-0.026389,16.844,1.2862
304.4,-0.025944,16.883,1.3528
304.91,-0.0255,16.923,1.4185
305.41,-0.025056,16.966,1.4838
305.92,-0.024611,17.01,1.5489
306.42,-0.024167,17.056,1.6149
306.93,-0.023723,17.103,1.6816
307.44,-0.023275,17.154,1.7447
307.95,-0.022329,17.205,1.8052
308.45,-0.021383,17.259,1.88
308.96,-0.020438,17.314,1.9621
309.47,-0.019492,17.372,1.9879
309.98,-0.018546,17.43,1.9514
310.49,-0.0176,17.487,1.9175
311,-0.016654,17.543,1.9
311.51,-0.015709,17.598,1.8815
312.02,-0.014763,17.652,1.8585
312.53,-0.013808,17.707,1.8361
313.05,-0.012852,17.76,1.8148
313.56,-0.011897,17.812,1.7934
314.07,-0.010942,17.864,1.7718
314.59,-0.0099868,17.915,1.7503
315.1,-0.0090316,17.965,1.729
315.62,-0.0080764,18.015,1.7076
316.13,-0.0071212,18.064,1.6864
316.64,-0.0061659,18.112,1.6652
317.16,-0.0052107,18.159,1.6439
317.68,-0.0042441,18.206,1.6226
318.2,-0.0032774,18.252,1.6013
318.72,-0.0023107,18.298,1.5801
319.24,-0.001344,18.343,1.5589
319.76,-0.00037733,18.387,1.5378
320.28,0.00058935,18.431,1.5168
320.8,0.001556,18.473,1.4958
321.32,0.0025227,18.516,1.4748
321.84,0.0034894,18.557,1.4539
322.36,0.0044561,18.598,1.4329
322.89,0.005439,18.639,1.4117
323.42,0.0052831,18.679,1.3906
323.95,0.0051272,18.718,1.3696
324.48,0.0049713,18.757,1.3486
325.01,0.0048153,18.795,1.3276
325.54,0.0046594,18.832,1.3067
326.07,0.0045035,18.869,1.2858
326.59,0.0043476,18.905,1.265
327.12,0.0041917,18.94,1.2442
327.65,0.0040358,18.975,1.2232
328.19,0.0038766,19.01,1.202
328.73,0.0037175,19.044,1.1809
329.27,0.0035583,19.078,1.1598
329.81,0.0033991,19.11,1.1388
330.35,0.00324,19.143,1.1178
330.89,0.0030808,19.174,1.0969
331.43,0.0029216,19.205,1.076
331.97,0.0027624,19.235,1.0551
332.51,0.0026033,19.265,1.0342
333.05,0.0024441,19.294,1.0132
333.6,0.0022817,19.323,0.99199
334.15,0.0021194,19.351,0.97083
334.71,0.0019571,19.379,0.9497
335.26,0.0017947,19.406,0.92861
335.81,0.0016324,19.432,0.90754
336.36,0.00147,19.458,0.8865
336.91,0.0013077,19.483,0.86549
337.46,0.0011453,19.507,0.84451
338.01,0.00098299,19.531,0.82356
338.56,0.00082064,19.554,0.80251
339.12,0.00065646,19.577,0.78137
339.68,0.00049227,19.6,0.76026
340.23,0.00032808,19.621,0.73918
340.79,0.0001639,19.642,0.71812
341.35,-2.87e-07,19.662,0.69708
341.9,-0.00016447,19.682,0.67607
342.46,-0.00032866,19.701,0.65508
343.02,-0.00049284,19.72,0.63411
343.58,-0.00065703,19.738,0.61316
344.13,-0.00082121,19.755,0.59221
344.69,-0.0009857,19.772,0.57126
345.25,-0.00096228,19.788,0.55033
345.81,-0.00093887,19.803,0.52942
346.37,-0.00091546,19.818,0.50853
346.92,-0.00089204,19.833,0.48765
347.48,-0.00086863,19.846,0.46679
348.04,-0.00084522,19.86,0.44594
348.6,-0.0008218,19.872,0.42511
349.16,-0.00079839,19.884,0.4043
349.71,-0.00077498,19.895,0.38352
350.27,-0.00075161,19.906,0.36277
350.83,-0.00072825,19.916,0.34204
351.38,-0.00070488,19.926,0.32131
351.94,-0.00068152,19.935,0.3006
352.5,-0.00065815,19.943,0.2799
353.06,-0.00063479,19.951,0.25921
353.61,-0.00061142,19.958,0.23853
354.17,-0.00058806,19.965,0.21785
354.73,-0.00056469,19.971,0.19719
355.28,-0.00054133,19.977,0.17658
355.84,-0.00051807,19.981,0.15602
356.39,-0.00049482,19.986,0.13547
356.95,-0.00047156,19.99,0.11492
357.5,-0.0004483,19.993,0.094382
358.06,-0.00042505,19.995,0.073846
358.61,-0.00040179,19.997,0.053312
359.16,-0.00037853,19.999,0.032782
359.72,-0.00035527,20,0.012262
360.27,-0.00033202,20,-0.0082672
360.83,-0.00030876,20,-0.028714
361.38,-0.00028574,19.999,-0.048993
361.93,-0.00026272,19.998,-0.069216
362.47,-0.0002397,19.996,-0.089739
363.02,-0.00021668,19.993,-0.11031
363.57,-0.00019366,19.99,-0.12958
364.12,-0.00017064,19.987,-0.14951
364.67,-0.00014762,19.983,-0.17455
365.22,-0.00012459,19.978,-0.19357
365.77,-0.00010157,19.973,-0.1921
366.32,-7.8552e-05,19.967,-0.18404
366.86,-5.584e-05,19.962,-0.18106
367.4,-3.3128e-05,19.957,-0.17893
367.94,-1.0416e-05,19.953,-0.1755
368.48,1.2297e-05,19.948,-0.17203
369.02,3.5009e-05,19.943,-0.16888
369.56,5.7721e-05,19.939,-0.16569
370.11,8.0434e-05,19.934,-0.16243
370.65,0.00010315,19.93,-0.15919
371.19,0.00012586,19.925,-0.15596
371.73,0.00014857,19.921,-0.15274
372.27,0.00017109,19.917,-0.14953
372.8,0.00019362,19.913,-0.14632
373.34,0.00021614,19.909,-0.1431
373.88,0.00023867,19.905,-0.13989
374.41,0.00026119,19.901,-0.13668
374.95,0.00028371,19.898,-0.13347
375.49,0.00030624,19.894,-0.13025
376.02,0.00032876,19.891,-0.12704
376.56,0.00035128,19.887,-0.12382
377.1,0.0003233,19.884,-0.12061
377.64,0.00029525,19.88,-0.11738
378.17,0.00026721,19.877,-0.11416
378.71,0.00023917,19.874,-0.11094
379.25,0.00021112,19.871,-0.10771
379.79,0.00018308,19.868,-0.10449
380.33,0.00015504,19.865,-0.10126
380.86,0.000127,19.863,-0.098038
381.4,9.8952e-05,19.86,-0.094813
381.94,7.0909e-05,19.858,-0.091586
382.48,4.2867e-05,19.855,-0.088345
383.02,1.4573e-05,19.853,-0.085089
383.56,-1.372e-05,19.85,-0.081833
384.11,-4.2014e-05,19.848,-0.078576
384.65,-7.0308e-05,19.846,-0.075319
385.19,-9.8601e-05,19.844,-0.072061
385.73,-0.00012689,19.842,-0.068803
386.28,-0.00015519,19.84,-0.065545
386.82,-0.00018348,19.838,-0.062286
387.36,-0.00021178,19.836,-0.059027
387.91,-0.00024007,19.835,-0.055753
388.45,-0.00026863,19.833,-0.052462
389,-0.00029719,19.832,-0.049172
389.55,-0.00032575,19.831,-0.045881
390.1,-0.00035431,19.829,-0.04259
390.65,-0.00038287,19.828,-0.039298
391.19,-0.00041143,19.827,-0.036007
391.74,-0.00044,19.826,-0.032715
392.29,-0.00046856,19.825,-0.029423
392.84,-0.00049712,19.824,-0.026131
393.38,-0.00052568,19.824,-0.022834
393.93,-0.00055433,19.823,-0.019531
394.48,-0.00058297,19.822,-0.016229
395.03,-0.00061162,19.822,-0.012926
395.58,-0.00064027,19.822,-0.009623
396.13,-0.00066892,19.821,-0.0063201
396.68,-0.00069756,19.821,-0.0030172
397.23,-0.00072621,19.821,0.00028584
397.78,-0.00075486,19.821,0.0035889
398.33,-0.00078351,19.821,0.006892
398.88,-0.00081216,19.821,0.010197
399.43,-0.00084084,19.822,0.013505
399.98,-0.00086953,19.822,0.016812
400.53,-0.00089821,19.822,0.020119
401.08,-0.0009269,19.823,0.023427
401.63,-0.00095558,19.824,0.026734
402.18,-0.00098427,19.824,0.030041
402.73,-0.001013,19.825,0.033348
403.28,-0.0010416,19.826,0.036655
403.83,-0.0010703,19.827,0.039962
404.38,-0.001099,19.828,0.04328
404.94,-0.0011279,19.83,0.04661
405.49,-0.0011568,19.831,0.04994
406.05,-0.0011857,19.832,0.05327
406.6,-0.0012146,19.834,0.056599
407.15,-0.0012435,19.835,0.059928
407.71,-0.0012723,19.837,0.063257
408.26,-0.0013012,19.839,0.066586
408.82,-0.0013301,19.841,0.069914
409.37,-0.001359,19.843,0.073242
409.92,-0.0013879,19.845,0.076615
410.49,-0.0014176,19.847,0.080032
411.06,-0.0014472,19.849,0.083449
411.63,-0.0014769,19.851,0.086865
412.2,-0.0015066,19.854,0.090282
412.77,-0.0015362,19.857,0.093697
413.34,-0.0015659,19.859,0.097113
413.91,-0.0015956,19.862,0.10053
414.48,-0.0016252,19.865,0.10394
415.05,-0.0016549,19.868,0.10736
415.62,-0.0016846,19.871,0.1106
416.13,-0.0017113,19.874,0.11367
416.64,-0.0017379,19.877,0.11673
417.15,-0.0017646,19.88,0.1198
417.66,-0.0017913,19.883,0.12287
418.17,-0.0018179,19.886,0.12594
418.69,-0.0018446,19.889,0.129
419.2,-0.0018713,19.893,0.13207
419.71,-0.0018979,19.896,0.13513
420.22,-0.0019246,19.899,0.1382
420.73,-0.0019513,19.903,0.14128
421.25,-0.0019784,19.907,0.14439
421.77,-0.0020054,19.91,0.1475
422.29,-0.0020325,19.914,0.15061
422.81,-0.0020596,19.918,0.15372
423.33,-0.0020867,19.922,0.15683
423.85,-0.0021137,19.926,0.15993
424.37,-0.0021408,19.93,0.16304
424.89,-0.0021679,19.935,0.16618
425.41,-0.002195,19.939,0.16924
425.93,-0.002222,19.943,0.17226
426.45,-0.0022492,19.948,0.17556
426.97,-0.0022764,19.953,0.17899
427.49,-0.0023036,19.957,0.1813
428.01,-0.0023308,19.962,0.18338
428.53,-0.002358,19.967,0.18996
429.06,-0.0023852,19.972,0.19617
429.58,-0.0024124,19.977,0.18462
430.1,-0.0024395,19.982,0.15948
430.62,-0.0024667,19.986,0.13759
431.14,-0.0024939,19.989,0.11902
431.66,-0.0025209,19.992,0.099522
432.18,-0.0025479,19.995,0.079264
432.69,-0.0025748,19.997,0.05931
433.21,-0.0026018,19.999,0.039539
433.73,-0.0026287,20,0.019684
434.25,-0.0026557,20,-0.00020984
434.76,-0.0026827,20,-0.020079
435.28,-0.0027096,20,-0.039937
435.8,-0.0027366,19.999,-0.059802
436.31,-0.002705,19.997,-0.079591
436.83,-0.0026736,19.995,-0.099299
437.34,-0.0026423,19.992,-0.11901
437.85,-0.0026109,19.989,-0.13872
438.37,-0.0025796,19.986,-0.15843
438.88,-0.0025482,19.982,-0.17815
439.39,-0.0025169,19.977,-0.19787
439.91,-0.0024855,19.972,-0.21759
440.42,-0.0024541,19.967,-0.23732
440.93,-0.0024228,19.96,-0.25705
441.45,-0.0023914,19.954,-0.27671
441.96,-0.0023603,19.947,-0.29629
442.46,-0.0023292,19.939,-0.31589
442.97,-0.0022981,19.931,-0.33549
443.48,-0.002267,19.923,-0.35509
443.99,-0.0022359,19.914,-0.37471
444.5,-0.0022048,19.904,-0.39433
445.01,-0.0021737,19.894,-0.41396
445.52,-0.0021425,19.883,-0.4336
446.03,-0.0021114,19.872,-0.45324
446.54,-0.0020803,19.861,-0.47283
447.04,-0.0020494,19.849,-0.49235
447.55,-0.0020186,19.836,-0.51189
448.05,-0.0019877,19.823,-0.53144
448.56,-0.0019568,19.809,-0.551
449.06,-0.0019259,19.795,-0.57057
449.57,-0.001895,19.781,-0.59015
450.08,-0.0018641,19.766,-0.60975
450.58,-0.0018333,19.75,-0.62936
451.09,-0.0018024,19.734,-0.64899
451.59,-0.0017715,19.717,-0.66858
452.09,-0.0017408,19.7,-0.68813
452.6,-0.0017101,19.683,-0.7077
453.1,-0.0016793,19.665,-0.72728
453.6,-0.0016486,19.646,-0.74688
454.11,-0.0016179,19.627,-0.7665
454.61,-0.0015872,19.607,-0.78614
455.11,-0.0015565,19.587,-0.80579
455.61,-0.0015257,19.566,-0.82547
456.12,-0.001495,19.545,-0.84516
456.62,-0.0014643,19.524,-0.86483
457.12,-0.0014337,19.501,-0.88447
457.62,-0.0014031,19.479,-0.90414
458.12,-0.0013726,19.455,-0.92383
458.62,-0.001342,19.432,-0.94354
459.12,-0.0013114,19.407,-0.96327
459.62,-0.0012808,19.383,-0.98303
460.12,-0.0012502,19.357,-1.0028
460.62,-0.0012197,19.331,-1.0226
461.12,-0.0011891,19.305,-1.0424
461.62,-0.0011585,19.278,-1.0637
462.19,-0.0011238,19.246,-1.0863
462.76,-0.0010891,19.214,-1.1089
463.33,-0.0010544,19.182,-1.1315
463.89,-0.0010198,19.148,-1.1542
464.46,-0.00098507,19.114,-1.1769
465.03,-0.00095039,19.079,-1.1997
465.6,-0.0009157,19.043,-1.2224
466.17,-0.00088101,19.007,-1.2453
466.73,-0.00084632,18.97,-1.2681
467.3,-0.00081163,18.932,-1.291
467.86,-0.00077722,18.893,-1.3137
468.43,-0.00074281,18.854,-1.3366
468.99,-0.0007084,18.814,-1.3594
469.55,-0.00067399,18.774,-1.3823
470.12,-0.00063958,18.732,-1.4053
470.68,-0.00060517,18.69,-1.4283
471.24,-0.00057075,18.647,-1.4514
471.81,-0.00053634,18.603,-1.4745
472.37,-0.00050193,18.558,-1.4976
472.93,-0.00046752,18.513,-1.5208
473.49,-0.00043327,18.467,-1.5439
474.05,-0.00039902,18.42,-1.5671
474.61,-0.00036477,18.372,-1.5904
475.17,-0.00033052,18.324,-1.6137
475.73,-0.00029628,18.274,-1.6371
476.29,-0.00026203,18.224,-1.6606
476.86,-0.00022778,18.173,-1.6841
477.42,-0.00019353,18.121,-1.7077
477.98,-0.00015928,18.068,-1.7313
478.54,-0.00012503,18.015,-1.7549
479.09,-9.1034e-05,17.96,-1.7785
479.65,-5.7035e-05,17.905,-1.8022
480.21,-2.3036e-05,17.849,-1.8259
480.76,1.0963e-05,17.792,-1.8497
481.32,4.4962e-05,17.735,-1.8736
481.88,7.896e-05,17.676,-1.8976
482.43,0.00011296,17.616,-1.9216
482.99,0.00014696,17.555,-1.9456
483.54,0.00018096,17.494,-1.97
484.1,0.00021496,17.431,-1.9941
484.65,0.0002484,17.368,-2.0172
485.2,0.00028185,17.305,-2.0414
485.74,0.0003153,17.24,-2.0692
486.29,0.00034874,17.175,-2.0907
486.84,0.00038219,17.108,-2.0978
487.39,0.00041564,17.041,-2.1021
487.93,0.00044908,16.973,-2.11
488.48,0.00048253,16.905,-2.118
489.03,0.00051598,16.837,-2.1252
489.57,0.00054942,16.768,-2.1322
490.1,0.00058132,16.701,-2.1394
490.62,0.00061322,16.634,-2.1466
491.14,0.00064512,16.567,-2.1538
491.66,0.00067703,16.499,-2.1611
492.19,0.00070893,16.431,-2.1683
492.71,0.00074083,16.362,-2.1756
493.23,0.00077273,16.292,-2.1829
493.75,0.00080463,16.222,-2.1903
494.27,0.00083653,16.152,-2.1977
494.8,0.00086843,16.081,-2.2056
495.35,0.00090207,16.005,-2.2134
495.9,0.00093571,15.929,-2.2213
496.45,0.00096936,15.852,-2.2292
497,0.001003,15.775,-2.2372
497.55,0.0010366,15.697,-2.2452
498.1,0.0010703,15.618,-2.2532
498.65,0.0011039,15.539,-2.2613
499.2,0.0011376,15.459,-2.2694
499.75,0.0011712,15.378,-2.2776
500.3,0.0012049,15.296,-2.2849
500.8,0.0012356,15.221,-2.2924
501.31,0.0012664,15.145,-2.3
501.81,0.0012972,15.069,-2.3076
502.32,0.001328,14.991,-2.3152
502.82,0.0013588,14.914,-2.3229
503.32,0.0013896,14.835,-2.3306
503.83,0.0014203,14.756,-2.3383
504.33,0.0014511,14.676,-2.3461
504.84,0.0014819,14.596,-2.3539
505.34,0.0015127,14.514,-2.3619
505.85,0.0015438,14.432,-2.3699
506.36,0.0004935,14.348,-2.3779
506.87,-0.00055678,14.264,-2.386
507.37,-0.0016071,14.179,-2.3941
507.88,-0.0026573,14.093,-2.4022
508.39,-0.0037076,14.006,-2.4104
508.9,-0.0047579,13.919,-2.4187
509.41,-0.0058082,13.83,-2.427
509.92,-0.0068584,13.741,-2.4353
510.43,-0.009046,13.651,-2.4443
510.96,-0.011336,13.555,-2.4533
511.49,-0.013626,13.459,-2.4619
512.02,-0.015916,13.361,-2.4704
512.56,-0.018206,13.263,-2.481
513.09,-0.020496,13.163,-2.491
513.62,-0.022786,13.063,-2.4935
514.16,-0.025076,12.961,-2.4914
514.69,-0.027366,12.858,-2.4907
515.22,-0.029655,12.755,-2.4911
515.75,-0.031945,12.651,-2.4911
516.28,-0.034222,12.547,-2.4907
516.81,-0.036498,12.442,-2.4901
517.34,-0.038774,12.336,-2.4905
517.87,-0.04105,12.229,-2.4922
518.4,-0.043326,12.121,-2.4892
518.93,-0.045602,12.012,-2.4827
519.46,-0.047879,11.903,-2.4957
519.99,-0.050155,11.792,-2.5156
520.52,-0.052431,11.679,-2.4557
521.05,-0.054707,11.568,-2.3255
521.55,-0.05607,11.467,-2.2075
522.05,-0.057433,11.37,-2.1054
522.55,-0.058796,11.277,-1.9995
523.06,-0.06016,11.188,-1.8883
523.56,-0.061523,11.103,-1.7769
524.06,-0.062886,11.023,-1.6657
524.56,-0.064249,10.947,-1.5535
525.07,-0.065613,10.876,-1.4401
525.57,-0.066976,10.809,-1.326
526.07,-0.068339,10.748,-1.2092
526.59,-0.06975,10.689,-1.0895
527.11,-0.063799,10.636,-0.96902
527.63,-0.057847,10.589,-0.84783
528.15,-0.051896,10.547,-0.72599
528.67,-0.045944,10.511,-0.60356
529.19,-0.039993,10.482,-0.48057
529.71,-0.034041,10.458,-0.35705
530.23,-0.02809,10.44,-0.23316
530.75,-0.022138,10.428,-0.1091
531.27,-0.016187,10.423,0.016548
531.8,-0.010116,10.424,0.14393
532.33,-0.0040447,10.431,0.27104
532.86,0.0020263,10.445,0.39764
533.39,0.0080973,10.465,0.52601
533.92,0.014168,10.492,0.65593
534.45,0.020239,10.525,0.77747
534.98,0.02631,10.564,0.89513
535.51,0.032381,10.609,1.0471
536.04,0.038452,10.661,1.2
536.57,0.039403,10.721,1.2093
537.11,0.040368,10.782,1.1046
537.65,0.041333,10.837,1.0285
538.18,0.042297,10.888,0.97799
538.72,0.043262,10.936,0.91799
539.26,0.044227,10.981,0.85323
539.8,0.045192,11.023,0.79174
540.34,0.046157,11.062,0.7314
540.87,0.047121,11.097,0.67048
541.41,0.048086,11.13,0.60967
541.95,0.049051,11.159,0.55062
542.46,0.049974,11.185,0.49303
542.98,0.05059,11.207,0.43555
543.49,0.051206,11.227,0.37821
544.01,0.051823,11.245,0.32101
544.52,0.052439,11.259,0.26392
545.04,0.053055,11.271,0.20693
545.55,0.053672,11.281,0.15003
546.07,0.054288,11.288,0.093201
546.58,0.054905,11.292,0.036428
547.09,0.055521,11.294,-0.020945
547.62,0.056151,11.293,-0.078942
548.15,0.056782,11.289,-0.13691
548.67,0.057413,11.283,-0.19488
549.2,0.058043,11.274,-0.25286
549.73,0.058674,11.262,-0.31086
550.25,0.059304,11.247,-0.36889
550.78,0.059935,11.23,-0.42694
551.3,0.060565,11.21,-0.48511
551.83,0.061196,11.187,-0.54343
552.36,0.061826,11.162,-0.60144
552.88,0.062453,11.133,-0.6591
553.4,0.06308,11.102,-0.71788
553.93,0.063706,11.069,-0.77756
554.45,0.064333,11.032,-0.83331
554.97,0.06496,10.992,-0.8873
555.5,0.065587,10.95,-0.95811
556.02,0.066213,10.904,-1.0316
556.54,0.06684,10.855,-1.0392
557.07,0.067467,10.805,-0.99071
557.59,0.0659,10.757,-0.95245
558.1,0.064367,10.711,-0.92774
558.61,0.062834,10.667,-0.89968
559.12,0.0613,10.624,-0.86822
559.64,0.059767,10.582,-0.83759
560.15,0.058234,10.542,-0.80764
560.66,0.0567,10.502,-0.7773
561.17,0.055167,10.464,-0.74664
561.68,0.053634,10.428,-0.71591
562.2,0.0521,10.393,-0.68514
562.71,0.048548,10.359,-0.6545
563.22,0.045032,10.327,-0.62378
563.72,0.041516,10.296,-0.59259
564.23,0.038,10.267,-0.56181
564.74,0.034484,10.239,-0.53233
565.24,0.030968,10.213,-0.5007
565.75,0.027452,10.188,-0.46386
566.26,0.023935,10.165,-0.43514
566.76,0.020419,10.144,-0.42506
567.27,0.016903,10.122,-0.38245
567.78,0.013387,10.103,-0.26428
568.28,0.0099133,10.09,-0.12159
568.78,0.0064395,10.084,0.0026246
569.28,0.0029656,10.084,0.12053
569.78,-0.00050823,10.09,0.24362
570.28,-0.0039821,10.102,0.36851
570.78,-0.007456,10.12,0.49207
571.28,-0.01093,10.145,0.61507
571.78,-0.014404,10.175,0.73825
572.28,-0.017877,10.211,0.86133
572.78,-0.021351,10.254,0.98894
573.33,-0.025114,10.306,1.1213
573.87,-0.028877,10.365,1.2532
574.41,-0.032639,10.431,1.3845
574.95,-0.036402,10.503,1.5152
575.5,-0.040165,10.581,1.6447
576.04,-0.043927,10.665,1.7733
576.58,-0.04769,10.755,1.9027
577.12,-0.051452,10.851,2.0302
577.67,-0.055215,10.953,2.1499
578.21,-0.058977,11.059,2.2758
578.75,-0.062734,11.171,2.4252
579.29,-0.061544,11.288,2.5292
579.83,-0.060354,11.41,2.5281
580.37,-0.059164,11.529,2.5042
580.92,-0.057974,11.647,2.5074
581.46,-0.056784,11.764,2.5125
582,-0.055594,11.879,2.5107
582.54,-0.054405,11.994,2.5095
583.08,-0.053215,12.107,2.5098
583.62,-0.052025,12.219,2.5097
584.17,-0.050818,12.332,2.5094
584.72,-0.048072,12.444,2.5092
585.27,-0.045326,12.555,2.509
585.82,-0.04258,12.664,2.5088
586.37,-0.039834,12.773,2.5087
586.92,-0.037088,12.881,2.5087
587.47,-0.034342,12.988,2.5083
588.02,-0.031596,13.094,2.5078
588.57,-0.028851,13.199,2.5091
589.11,-0.026105,13.304,2.51
589.64,-0.023461,13.403,2.5036
590.17,-0.020817,13.502,2.4928
590.7,-0.018173,13.6,2.4838
591.23,-0.015529,13.696,2.4757
591.76,-0.012885,13.792,2.4673
592.29,-0.010241,13.887,2.4587
592.82,-0.0075968,13.98,2.4503
593.34,-0.0049528,14.073,2.4419
593.87,-0.0023088,14.165,2.4337
594.4,0.00033514,14.255,2.4256
594.92,0.002937,14.344,2.4176
595.44,0.0028695,14.432,2.4096
595.96,0.002802,14.519,2.4017
596.48,0.0027344,14.605,2.3938
597,0.0026669,14.69,2.386
597.52,0.0025994,14.774,2.3782
598.04,0.0025319,14.858,2.3704
598.56,0.0024643,14.941,2.3628
599.09,0.0023968,15.023,2.3551
599.61,0.0023293,15.105,2.3468
600.16,0.0022571,15.191,2.3388
600.72,0.002185,15.277,2.3308
601.27,0.0021129,15.362,2.3228
601.83,0.0020408,15.446,2.3149
602.38,0.0019687,15.529,2.307
602.94,0.0018965,15.612,2.2992
603.5,0.0018244,15.693,2.2914
604.05,0.0017523,15.775,2.2837
604.61,0.0016802,15.855,2.276
605.16,0.001608,15.935,2.2691
605.68,0.0015413,16.008,2.262
606.19,0.0014746,16.081,2.255
606.71,0.0014078,16.153,2.248
607.22,0.0013411,16.224,2.241
607.73,0.0012743,16.296,2.2341
608.25,0.0012076,16.366,2.2272
608.76,0.0011408,16.436,2.2204
609.28,0.0010741,16.506,2.2135
609.79,0.0010073,16.575,2.2068
610.31,0.00094058,16.643,2.1996
610.84,0.00087089,16.714,2.1925
611.38,0.00080119,16.784,2.1856
611.92,0.0007315,16.854,2.1789
612.45,0.00066181,16.924,2.1714
612.99,0.00059212,16.993,2.1636
613.53,0.00052243,17.061,2.1595
614.07,0.00045274,17.129,2.1549
614.6,0.00038304,17.197,2.1354
615.14,0.00031335,17.263,2.1055
615.68,0.00024366,17.329,2.0782
616.24,0.00017117,17.396,2.053
616.79,9.8679e-05,17.462,2.0267
617.35,2.6189e-05,17.527,2.0001
617.91,-4.6302e-05,17.59,1.974
618.47,-0.00011879,17.653,1.948
619.03,-0.00019128,17.715,1.922
619.59,-0.00026377,17.775,1.8962
620.15,-0.00033626,17.835,1.8704
620.7,-0.00040875,17.893,1.8447
621.26,-0.00048124,17.951,1.8188
621.83,-0.00055539,18.009,1.7927
622.41,-0.00054417,18.066,1.7667
622.98,-0.00053294,18.122,1.7408
623.55,-0.00052172,18.176,1.7149
624.12,-0.0005105,18.23,1.6892
624.69,-0.00049928,18.283,1.6635
625.26,-0.00048806,18.335,1.6379
625.83,-0.00047684,18.386,1.6124
626.4,-0.00046562,18.436,1.587
626.98,-0.00045439,18.486,1.5634
627.48,-0.00044451,18.528,1.5411
627.98,-0.00043463,18.57,1.5188
628.48,-0.00042476,18.611,1.4966
628.99,-0.00041488,18.652,1.4745
629.49,-0.000405,18.691,1.4524
629.99,-0.00039512,18.73,1.4304
630.5,-0.00038524,18.769,1.4084
631,-0.00037536,18.807,1.3864
631.5,-0.00036548,18.844,1.3645
632.01,-0.0003556,18.88,1.3427
632.51,-0.0003457,18.916,1.3208
633.01,-0.00033579,18.951,1.299
633.52,-0.00032589,18.986,1.2772
634.02,-0.00031599,19.02,1.2555
634.53,-0.00030609,19.053,1.2338
635.03,-0.00029619,19.086,1.2122
635.53,-0.00028628,19.118,1.1905
636.04,-0.00027638,19.149,1.169
636.54,-0.00026648,19.18,1.1474
637.05,-0.00025658,19.21,1.1259
637.55,-0.00024666,19.239,1.1044
638.06,-0.00023675,19.268,1.083
638.56,-0.00022683,19.297,1.0615
639.07,-0.00021691,19.325,1.0402
639.57,-0.000207,19.352,1.0188
640.08,-0.00019708,19.378,0.99746
640.58,-0.00018717,19.404,0.97617
641.09,-0.00017725,19.43,0.9549
641.59,-0.00016734,19.455,0.93366
642.1,-0.00015742,19.479,0.91241
642.6,-0.00014747,19.503,0.89116
643.11,-0.00013753,19.526,0.86994
643.62,-0.00012758,19.548,0.84875
644.12,-0.00011763,19.57,0.82758
644.63,-0.00010768,19.592,0.80643
645.13,-9.7737e-05,19.612,0.78531
645.64,-8.779e-05,19.633,0.76422
646.15,-7.7843e-05,19.652,0.74315
646.65,-6.7896e-05,19.672,0.7221
647.16,-5.7949e-05,19.69,0.70103
647.67,-4.7964e-05,19.708,0.67994
648.18,-3.7979e-05,19.726,0.65887
648.69,-2.7994e-05,19.743,0.63782
649.19,-1.8009e-05,19.759,0.6168
649.7,-8.0239e-06,19.775,0.59579
650.21,1.9611e-06,19.79,0.5748
650.72,1.1946e-05,19.805,0.55382
651.23,2.1931e-05,19.819,0.53287
651.74,3.1916e-05,19.833,0.51193
652.24,4.1901e-05,19.846,0.49095
652.76,5.1935e-05,19.859,0.46994
653.27,6.197e-05,19.871,0.44894
653.78,7.2004e-05,19.882,0.42795
654.29,8.2039e-05,19.893,0.40698
654.8,9.2073e-05,19.904,0.38602
655.31,8.9263e-05,19.914,0.36508
655.82,8.6453e-05,19.923,0.34414
656.33,8.3643e-05,19.932,0.32322
656.84,8.0833e-05,19.94,0.30231
657.35,7.8023e-05,19.948,0.28132
657.87,7.5191e-05,19.955,0.26027
658.38,7.236e-05,19.962,0.23922
658.9,6.9528e-05,19.968,0.21819
659.41,6.6696e-05,19.974,0.19716
659.93,6.3865e-05,19.979,0.17614
660.44,6.1033e-05,19.983,0.15512
660.96,5.8202e-05,19.987,0.13411
661.47,5.537e-05,19.991,0.11311
661.99,5.2539e-05,19.994,0.092107
662.5,4.9707e-05,19.996,0.070853
663.03,4.6806e-05,19.998,0.049346
663.56,4.3905e-05,19.999,0.027843
664.08,4.1004e-05,20,0.0063415
664.61,3.8103e-05,20,-0.01516
665.14,3.5202e-05,20,-0.036658
665.67,3.2301e-05,19.999,-0.058148
666.19,2.94e-05,19.997,-0.079646
666.72,2.6499e-05,19.995,-0.10117
667.25,2.3597e-05,19.993,-0.12266
667.78,2.0696e-05,19.989,-0.14407
668.3,1.7789e-05,19.986,-0.16571
668.83,1.4881e-05,19.981,-0.18769
669.36,1.1973e-05,19.976,-0.20875
669.89,9.0654e-06,19.971,-0.22878
670.42,6.1576e-06,19.965,-0.25287
670.95,3.2499e-06,19.958,-0.27968
671.48,3.4219e-07,19.95,-0.28929
672,-2.5655e-06,19.943,-0.28021
672.53,-5.4732e-06,19.935,-0.2726
673.06,-8.3809e-06,19.928,-0.26953
673.58,-1.1251e-05,19.921,-0.26573
674.11,-1.4121e-05,19.914,-0.26087
674.63,-1.6991e-05,19.907,-0.25626
675.15,-1.9861e-05,19.901,-0.25191
675.67,-2.2731e-05,19.894,-0.24748
676.19,-2.56e-05,19.888,-0.24298
676.71,-2.847e-05,19.881,-0.23851
677.24,-3.134e-05,19.875,-0.23405
677.76,-3.421e-05,19.869,-0.22958
678.28,-3.708e-05,19.863,-0.22513
678.79,-3.9914e-05,19.857,-0.22072
679.31,-4.2747e-05,19.851,-0.2163
679.82,-4.558e-05,19.846,-0.21188
680.34,-4.8414e-05,19.84,-0.20746
680.86,-5.1247e-05,19.835,-0.20304
681.37,-5.4081e-05,19.829,-0.19862
681.89,-5.6914e-05,19.824,-0.19419
682.4,-5.9748e-05,19.819,-0.18977
682.92,-6.2581e-05,19.814,-0.18534
683.43,-6.5414e-05,19.809,-0.18093
683.94,-6.8224e-05,19.805,-0.17654
684.45,-7.1034e-05,19.8,-0.17215
684.96,-7.3844e-05,19.796,-0.16776
685.47,-7.6653e-05,19.791,-0.16336
685.98,-7.9463e-05,19.787,-0.15897
686.5,-8.2273e-05,19.783,-0.15457
687.01,-8.5082e-05,19.779,-0.15017
687.52,-8.7892e-05,19.775,-0.14577
688.03,-9.0702e-05,19.771,-0.14137
688.54,-9.3511e-05,19.768,-0.13698
689.05,-9.6312e-05,19.764,-0.13259
689.56,-8.8043e-05,19.761,-0.12821
690.07,-7.9774e-05,19.758,-0.12382
690.58,-7.1504e-05,19.754,-0.11943
691.09,-6.3235e-05,19.751,-0.11504
691.59,-5.4966e-05,19.748,-0.11065
692.1,-4.6697e-05,19.745,-0.10626
692.61,-3.8428e-05,19.743,-0.10186
693.12,-3.0159e-05,19.74,-0.09747
693.63,-2.1889e-05,19.738,-0.093076
694.14,-1.3615e-05,19.735,-0.088679
694.65,-5.3409e-06,19.733,-0.084281
695.16,2.9333e-06,19.731,-0.079883
695.67,1.1207e-05,19.729,-0.075485
696.18,1.9482e-05,19.727,-0.071086
696.69,2.7756e-05,19.725,-0.066687
697.2,3.603e-05,19.723,-0.062287
697.71,4.4304e-05,19.722,-0.057887
698.22,5.2578e-05,19.72,-0.053486
698.73,6.0852e-05,19.719,-0.049082
699.24,6.9138e-05,19.717,-0.044674
699.75,7.7424e-05,19.716,-0.040266
700.26,8.571e-05,19.715,-0.035858
700.77,9.3996e-05,19.714,-0.031449
701.28,0.00010228,19.713,-0.02704
701.79,0.00011057,19.713,-0.022631
702.3,0.00011885,19.712,-0.018222
702.81,0.00012714,19.712,-0.013813
703.32,0.00013542,19.711,-0.0094032
703.83,0.00014371,19.711,-0.0049838
704.34,0.00015203,19.711,-0.00055458
704.85,0.00016036,19.711,0.0038747
705.37,0.00016868,19.711,0.0083041
705.88,0.000177,19.711,0.012733
706.39,0.00018532,19.712,0.017163
706.9,0.00019364,19.712,0.021592
707.42,0.00020197,19.713,0.026022
707.93,0.00021029,19.713,0.030451
708.44,0.00021861,19.714,0.03488
708.95,0.00022693,19.715,0.039315
709.47,0.00023528,19.716,0.043756
709.98,0.00024362,19.717,0.048197
710.5,0.00025197,19.718,0.052637
711.01,0.00026031,19.72,0.057078
711.52,0.00026866,19.721,0.061518
712.04,0.000277,19.723,0.065957
712.55,0.00028535,19.725,0.070397
713.07,0.00029369,19.726,0.074836
713.58,0.00030204,19.728,0.079275
714.09,0.00031038,19.73,0.083724
714.61,0.00031877,19.733,0.088183
715.13,0.00032715,19.735,0.092641
715.64,0.00033554,19.737,0.097099
716.16,0.00034392,19.74,0.10156
716.67,0.00035231,19.743,0.10601
717.19,0.00036069,19.745,0.11047
717.71,0.00036908,19.748,0.11493
718.22,0.00037746,19.751,0.11938
718.74,0.00038585,19.754,0.12384
719.26,0.00039423,19.758,0.12831
719.78,0.00040269,19.761,0.13281
720.3,0.00041115,19.764,0.1373
720.82,0.00041962,19.768,0.14179
721.34,0.00042808,19.772,0.14628
721.86,0.00043654,19.776,0.15078
722.38,0.000445,19.78,0.15527
722.9,0.00045346,19.784,0.15976
723.42,0.00046192,19.788,0.16425
723.95,0.00047038,19.792,0.16873
724.47,0.00047885,19.797,0.17324
724.99,0.00048739,19.801,0.17777
725.52,0.00049594,19.806,0.1823
726.05,0.00050448,19.811,0.18683
726.57,0.00051302,19.816,0.19136
727.1,0.00052157,19.821,0.19588
727.62,0.00053011,19.826,0.20041
728.15,0.00053866,19.831,0.20493
728.68,0.0005472,19.837,0.20945
729.2,0.00055575,19.842,0.21398
729.73,0.00056429,19.848,0.21852
730.26,0.00057293,19.854,0.22308
730.79,0.00058156,19.86,0.22765
731.32,0.00059019,19.866,0.23221
731.86,0.00059883,19.872,0.23677
732.39,0.00060746,19.879,0.24134
732.92,0.0006161,19.885,0.24593
733.45,0.00062473,19.892,0.25043
733.98,0.00063336,19.898,0.2549
734.51,0.000642,19.905,0.2597
735.05,0.00065063,19.912,0.26451
735.58,0.00065932,19.919,0.26799
736.12,0.00066801,19.926,0.2721
736.65,0.0006767,19.934,0.28146
737.19,0.00068539,19.941,0.28577
737.72,0.00069409,19.949,0.26931
738.26,0.00070278,19.956,0.24412
738.79,0.00071147,19.963,0.22405
739.33,0.00072016,19.969,0.20557
739.86,0.00072885,19.974,0.18569
740.4,0.00073754,19.979,0.16562
740.93,0.00074619,19.984,0.14598
741.46,0.00075484,19.987,0.12635
742,0.00076349,19.991,0.10664
742.53,0.00077215,19.994,0.086939
743.06,0.00060031,19.996,0.067263
743.59,0.00042847,19.998,0.047586
744.13,0.00025664,19.999,0.027907
744.66,8.4805e-05,20,0.0082313
745.19,-8.703e-05,20,-0.011441
745.73,-0.00025886,20,-0.031018
746.25,-0.00042902,19.999,-0.050498
746.78,-0.00059918,19.998,-0.069978
747.31,-0.00076934,19.996,-0.089458
747.84,-0.0009395,19.993,-0.10894
748.36,-0.0011097,19.99,-0.12842
748.89,-0.0012798,19.987,-0.14791
749.42,-0.00145,19.983,-0.16739
749.95,-0.0016201,19.979,-0.18688
750.47,-0.0017903,19.974,-0.20638
751,-0.0019604,19.968,-0.22577
751.52,-0.0021287,19.962,-0.24505
752.04,-0.002297,19.956,-0.26434
752.57,-0.0024653,19.949,-0.28364
753.09,-0.0026336,19.942,-0.30294
753.61,-0.0028018,19.934,-0.32225
754.13,-0.0029701,19.925,-0.34156
754.65,-0.0031384,19.916,-0.36089
755.18,-0.0033067,19.907,-0.38021
755.7,-0.0034749,19.897,-0.39955
756.22,-0.0036432,19.887,-0.41882
756.74,-0.0038101,19.876,-0.43801
757.25,-0.0039769,19.864,-0.45722
757.77,-0.0041438,19.852,-0.47643
758.29,-0.0043107,19.84,-0.49565
758.81,-0.0044776,19.827,-0.51489
759.32,-0.0046444,19.814,-0.53414
759.84,-0.0048113,19.8,-0.55339
760.36,-0.0049782,19.785,-0.57267
760.87,-0.005145,19.77,-0.59195
761.39,-0.0053119,19.755,-0.61113
761.9,-0.0054768,19.739,-0.63021
762.41,-0.0056417,19.723,-0.64931
762.93,-0.0058065,19.706,-0.66842
763.44,-0.0059714,19.688,-0.68754
763.95,-0.0061363,19.671,-0.70669
764.46,-0.0063012,19.652,-0.72584
764.97,-0.006466,19.633,-0.74502
765.48,-0.0066309,19.614,-0.76421
765.99,-0.0067958,19.594,-0.78342
766.5,-0.0069607,19.574,-0.80253
767.01,-0.0071237,19.553,-0.82156
767.52,-0.0072867,19.532,-0.84061
768.02,-0.0074497,19.51,-0.85967
768.53,-0.0076127,19.488,-0.87876
769.03,-0.0077757,19.465,-0.89786
769.54,-0.0079386,19.441,-0.91699
770.04,-0.0081016,19.418,-0.93614
770.55,-0.0082646,19.393,-0.95531
771.05,-0.0084276,19.368,-0.9745
771.56,-0.0085906,19.343,-0.99363
772.06,-0.0087522,19.317,-1.0127
772.56,-0.0089137,19.291,-1.0318
773.06,-0.0090753,19.264,-1.0509
773.56,-0.0092368,19.237,-1.0701
774.06,-0.0093984,19.209,-1.0892
774.56,-0.0095599,19.181,-1.1084
775.06,-0.0097215,19.152,-1.1276
775.57,-0.009883,19.122,-1.1469
776.07,-0.010045,19.092,-1.1662
776.57,-0.0099753,19.061,-1.1869
777.14,-0.0098966,19.026,-1.2089
777.7,-0.0098179,18.99,-1.2309
778.27,-0.0097393,18.953,-1.2529
778.84,-0.0096606,18.916,-1.275
779.41,-0.009582,18.877,-1.2971
779.98,-0.0095033,18.838,-1.3192
780.55,-0.0094246,18.798,-1.3414
781.11,-0.009346,18.758,-1.3637
781.68,-0.0092673,18.717,-1.386
782.25,-0.0091886,18.674,-1.4083
782.82,-0.00911,18.632,-1.4307
783.39,-0.0090314,18.588,-1.4531
783.96,-0.0089528,18.544,-1.4756
784.52,-0.0088741,18.498,-1.4981
785.09,-0.0087955,18.452,-1.5207
785.66,-0.0087169,18.405,-1.5433
786.23,-0.0086383,18.358,-1.566
786.8,-0.0085596,18.309,-1.5888
787.36,-0.008481,18.26,-1.6116
787.93,-0.0084024,18.21,-1.6345
788.5,-0.0083233,18.159,-1.6576
789.07,-0.0082443,18.107,-1.6807
789.65,-0.0081652,18.054,-1.7039
790.22,-0.0080862,18,-1.7271
790.79,-0.0080071,17.945,-1.7504
791.36,-0.0079281,17.889,-1.7738
791.93,-0.007849,17.832,-1.7971
792.5,-0.0076688,17.775,-1.8208
793.07,-0.0074887,17.716,-1.8445
793.64,-0.0073085,17.657,-1.8656
794.15,-0.00715,17.604,-1.8862
794.65,-0.0069916,17.55,-1.9101
795.15,-0.0068332,17.495,-1.9317
795.65,-0.0066747,17.44,-1.9415
796.16,-0.0065163,17.384,-1.9444
796.66,-0.0063579,17.328,-1.9498
797.16,-0.0061994,17.271,-1.957
797.66,-0.006041,17.214,-1.9636
798.16,-0.0058825,17.157,-1.9698
798.67,-0.0057241,17.099,-1.977
799.24,-0.0055443,17.034,-1.9844
799.81,-0.0053646,16.967,-1.9917
800.38,-0.0051848,16.9,-1.999
800.95,-0.005005,16.833,-2.0064
801.52,-0.0048252,16.765,-2.0138
802.09,-0.0046455,16.696,-2.0213
802.66,-0.0044657,16.628,-2.0287
803.23,-0.0042859,16.558,-2.0362
803.8,-0.0041061,16.488,-2.0438
804.37,-0.0039264,16.417,-2.0512
804.92,-0.0037506,16.348,-2.0586
805.48,-0.0035748,16.277,-2.066
806.04,-0.003399,16.207,-2.0735
806.59,-0.0032232,16.135,-2.081
807.15,-0.0030474,16.064,-2.0886
807.71,-0.0028716,15.991,-2.0962
808.27,-0.0026958,15.918,-2.1038
808.82,-0.00252,15.844,-2.1114
809.38,-0.0023442,15.77,-2.1191
809.94,-0.0021684,15.695,-2.1266
810.48,-0.0019975,15.622,-2.1341
811.02,-0.0018266,15.548,-2.1417
811.56,-0.0016558,15.473,-2.1492
812.1,-0.0014849,15.398,-2.1569
812.65,-0.001314,15.322,-2.1646
813.19,-0.0011431,15.246,-2.1723
813.73,-0.00097224,15.168,-2.18
814.27,-0.00080137,15.091,-2.1878
814.81,-0.00063049,15.012,-2.1956
815.35,-0.00045961,14.933,-2.2028
815.86,-0.00030065,14.858,-2.2101
816.36,-0.00014168,14.784,-2.2175
816.87,1.7284e-05,14.708,-2.2249
817.37,0.00017625,14.632,-2.2323
817.87,0.00033521,14.555,-2.2398
818.38,0.00049418,14.477,-2.2473
818.88,0.00065314,14.399,-2.2549
819.39,0.00081211,14.32,-2.2625
819.89,0.00097108,14.241,-2.2701
820.39,0.00113,14.16,-2.2781
820.91,0.0012939,14.077,-2.286
821.43,0.0014578,13.992,-2.294
821.95,0.0016217,13.907,-2.3021
822.47,0.0017856,13.821,-2.3102
822.99,0.0019495,13.734,-2.3183
823.51,0.0021134,13.647,-2.3265
824.03,0.0022773,13.558,-2.3347
824.55,0.0024412,13.468,-2.343
825.07,0.0026051,13.378,-2.3514
825.59,0.002769,13.287,-2.3598
826.11,0.0029337,13.194,-2.3683
826.63,0.0013036,13.1,-2.3768
827.16,-0.00032649,13.006,-2.3854
827.68,-0.0019566,12.91,-2.3941
828.2,-0.0035867,12.813,-2.4028
828.72,-0.0052168,12.715,-2.4116
829.24,-0.0068469,12.616,-2.4204
829.77,-0.008477,12.516,-2.4291
830.29,-0.010107,12.415,-2.4382
830.81,-0.011737,12.312,-2.448
831.33,-0.013358,12.209,-2.4563
831.85,-0.016632,12.104,-2.4625
832.37,-0.019906,11.999,-2.4752
832.89,-0.02318,11.892,-2.4945
833.41,-0.026455,11.783,-2.4868
833.92,-0.029729,11.673,-2.4427
834.44,-0.033003,11.565,-2.3964
834.96,-0.036277,11.457,-2.3589
835.48,-0.039551,11.35,-2.3209
836,-0.042825,11.244,-2.2802
836.52,-0.046131,11.138,-2.2388
837.05,-0.049436,11.033,-2.1975
837.57,-0.052742,10.928,-2.157
838.1,-0.056047,10.825,-2.1155
838.62,-0.059352,10.723,-2.069
839.14,-0.062657,10.622,-2.0253
839.67,-0.065963,10.522,-1.9987
840.19,-0.069268,10.422,-1.9537
840.72,-0.072573,10.324,-1.8411
841.24,-0.075878,10.23,-1.6994
841.76,-0.071905,10.144,-1.5729
842.28,-0.067932,10.064,-1.4512
842.8,-0.063959,9.9889,-1.3241
843.32,-0.059986,9.9201,-1.1947
843.83,-0.056013,9.8576,-1.0654
844.35,-0.05204,9.8015,-0.93538
844.87,-0.048066,9.7519,-0.80413
845.39,-0.044093,9.7091,-0.67205
845.91,-0.04012,9.6732,-0.53924
846.43,-0.036146,9.6442,-0.40456
846.96,-0.0321,9.6221,-0.26795
847.49,-0.028053,9.6073,-0.13094
848.02,-0.024006,9.6001,0.0065234
848.55,-0.01996,9.6005,0.14444
849.07,-0.015913,9.6084,0.28254
849.6,-0.011866,9.624,0.41977
850.13,-0.007819,9.6471,0.5576
850.66,-0.0037721,9.6776,0.69894
851.19,0.00027474,9.7158,0.83641
851.72,0.0036132,9.7613,0.95689
852.22,0.006789,9.8106,1.0901
852.72,0.0099647,9.8665,1.2711
853.23,0.013141,9.9313,1.3873
853.73,0.016316,10.002,1.3089
854.23,0.019492,10.067,1.1465
854.74,0.022668,10.125,1.033
855.24,0.025844,10.176,0.94267
855.74,0.029019,10.223,0.83992
856.25,0.032195,10.264,0.73175
856.75,0.031501,10.3,0.62554
857.27,0.030782,10.331,0.51944
857.79,0.030064,10.358,0.41283
858.31,0.029345,10.378,0.30634
858.83,0.028626,10.394,0.20051
859.35,0.027908,10.404,0.094846
859.87,0.027189,10.408,-0.010848
860.39,0.02647,10.408,-0.11576
860.91,0.025752,10.402,-0.21993
861.43,0.025033,10.391,-0.32681
861.96,0.024315,10.375,-0.43411
862.46,0.023612,10.353,-0.52968
862.97,0.020236,10.327,-0.6206
863.48,0.01686,10.297,-0.75271
863.99,0.013485,10.26,-0.89818
864.5,0.010109,10.215,-0.88713
865.01,0.006733,10.171,-0.72175
865.52,0.0033572,10.135,-0.56968
866.03,-1.8635e-05,10.106,-0.4565
866.54,-0.0033944,10.083,-0.3381
867.05,-0.0067702,10.066,-0.20733
867.57,-0.010238,10.055,-0.076121
868.09,-0.013706,10.051,0.052817
868.62,-0.017173,10.054,0.18248
869.14,-0.020641,10.064,0.31292
869.66,-0.024109,10.08,0.44322
870.18,-0.027576,10.103,0.57339
870.71,-0.031044,10.132,0.70343
871.23,-0.034512,10.169,0.83329
871.75,-0.037979,10.212,0.96281
872.28,-0.040045,10.261,1.0937
872.81,-0.04217,10.318,1.2259
873.35,-0.044295,10.382,1.3576
873.89,-0.04642,10.453,1.4888
874.43,-0.048545,10.529,1.6188
874.97,-0.050669,10.612,1.7477
875.5,-0.052794,10.701,1.8773
876.04,-0.054919,10.795,2.0059
876.58,-0.057044,10.895,2.1271
877.12,-0.059169,11,2.2502
877.66,-0.061294,11.11,2.3976
878.19,-0.063411,11.226,2.5183
878.73,-0.060213,11.346,2.5345
879.26,-0.057014,11.466,2.5069
879.8,-0.053815,11.583,2.5056
880.34,-0.050616,11.699,2.5123
880.87,-0.047417,11.814,2.5116
881.41,-0.044218,11.928,2.5098
881.94,-0.041019,12.041,2.5099
882.48,-0.03782,12.153,2.5102
883.02,-0.034621,12.263,2.5102
883.54,-0.031489,12.371,2.5096
884.07,-0.028358,12.477,2.5092
884.59,-0.025226,12.583,2.5105
885.12,-0.022095,12.687,2.5109
885.64,-0.018963,12.791,2.5047
886.17,-0.015831,12.894,2.4944
886.69,-0.0127,12.996,2.4857
887.22,-0.0095679,13.096,2.4781
887.74,-0.0064362,13.195,2.47
888.27,-0.0033045,13.293,2.4609
888.82,3.3474e-05,13.397,2.4524
889.38,3.3279e-05,13.499,2.444
889.94,3.3083e-05,13.601,2.4357
890.5,3.2888e-05,13.701,2.4274
891.06,3.2692e-05,13.8,2.4192
891.62,3.2497e-05,13.898,2.411
892.18,3.2301e-05,13.995,2.4029
892.74,3.2106e-05,14.091,2.3948
893.3,3.191e-05,14.186,2.3869
893.86,3.1715e-05,14.28,2.3789
894.42,3.1519e-05,14.374,2.371
894.98,3.1322e-05,14.466,2.3632
895.54,3.1126e-05,14.558,2.3554
896.1,3.093e-05,14.649,2.3477
896.67,3.0734e-05,14.739,2.34
897.23,3.0538e-05,14.828,2.3323
897.79,3.0342e-05,14.916,2.3248
898.35,3.0146e-05,15.004,2.3172
898.91,2.995e-05,15.09,2.3097
899.47,2.9754e-05,15.176,2.3028
900,2.9568e-05,15.257,2.2958
900.54,2.9382e-05,15.337,2.2888
901.07,2.9196e-05,15.417,2.2819
901.6,2.901e-05,15.495,2.275
902.13,2.8824e-05,15.573,2.2681
902.66,2.8638e-05,15.651,2.2613
903.2,2.8452e-05,15.728,2.2545
903.73,2.8266e-05,15.804,2.2477
904.26,2.808e-05,15.88,2.241
904.79,2.7894e-05,15.955,2.2337
905.36,2.7696e-05,16.034,2.2267
905.92,2.7498e-05,16.113,2.2196
906.49,2.7301e-05,16.191,2.2126
907.06,2.7103e-05,16.268,2.2057
907.62,2.6905e-05,16.345,2.1987
908.19,2.6708e-05,16.421,2.1918
908.75,2.651e-05,16.496,2.185
909.32,2.6312e-05,16.571,2.1782
909.88,2.6115e-05,16.645,2.1714
910.45,2.5917e-05,16.719,2.1654
910.96,2.574e-05,16.785,2.1594
911.46,2.5563e-05,16.85,2.1534
911.97,2.5386e-05,16.915,2.1473
912.48,2.5209e-05,16.979,2.1415
912.98,2.5032e-05,17.043,2.1358
913.49,2.4855e-05,17.106,2.1293
913.99,2.4678e-05,17.169,2.1224
914.5,2.4501e-05,17.232,2.1191
915.01,2.4324e-05,17.294,2.1165
915.51,2.4147e-05,17.356,2.1007
916.02,2.3969e-05,17.418,2.0723
916.53,2.3791e-05,17.479,2.0453
917.05,2.3612e-05,17.538,2.0218
917.56,2.3434e-05,17.597,1.9978
918.07,2.3255e-05,17.655,1.9731
918.58,2.3077e-05,17.712,1.9486
919.09,2.2899e-05,17.768,1.9245
919.6,2.272e-05,17.824,1.9003
920.11,2.2542e-05,17.878,1.8762
920.62,2.2364e-05,17.932,1.8521
921.13,2.2184e-05,17.985,1.8279
921.65,2.2004e-05,18.037,1.8039
922.16,2.1824e-05,18.089,1.7799
922.68,2.1644e-05,18.139,1.7559
923.19,2.1464e-05,18.189,1.7321
923.71,2.1285e-05,18.238,1.7083
924.22,2.1105e-05,18.286,1.6846
924.73,2.0925e-05,18.334,1.6609
925.25,2.0745e-05,18.38,1.6373
925.76,2.0565e-05,18.426,1.6136
926.28,2.0383e-05,18.472,1.5899
926.8,2.0202e-05,18.516,1.5663
927.32,2.002e-05,18.56,1.5427
927.84,1.9838e-05,18.604,1.5191
928.36,1.9656e-05,18.646,1.4956
928.89,1.9475e-05,18.688,1.4722
929.41,1.9293e-05,18.729,1.4488
929.93,1.9111e-05,18.769,1.4255
930.45,1.8929e-05,18.809,1.4023
930.97,1.8747e-05,18.847,1.3789
931.49,1.8564e-05,18.886,1.3555
932.02,1.838e-05,18.923,1.3322
932.54,1.8197e-05,18.96,1.3089
933.07,1.8014e-05,18.997,1.2857
933.59,1.783e-05,19.032,1.2625
934.12,1.7647e-05,19.067,1.2394
934.64,1.7463e-05,19.101,1.2163
935.17,1.728e-05,19.135,1.1932
935.69,1.7096e-05,19.167,1.1702
936.22,1.6913e-05,19.199,1.1471
936.75,1.6727e-05,19.231,1.1239
937.28,1.6542e-05,19.262,1.1008
937.81,1.6357e-05,19.292,1.0777
938.34,1.6172e-05,19.322,1.0547
938.87,1.5986e-05,19.351,1.0317
939.4,1.5801e-05,19.379,1.0087
939.93,1.5616e-05,19.407,0.98581
940.46,1.5431e-05,19.434,0.96291
940.99,1.5245e-05,19.46,0.94005
941.52,1.506e-05,19.486,0.91712
942.05,1.4873e-05,19.511,0.89414
942.59,1.4687e-05,19.535,0.87119
943.12,1.45e-05,19.559,0.84827
943.65,1.4313e-05,19.582,0.82538
944.19,1.4126e-05,19.605,0.80252
944.72,1.394e-05,19.627,0.77968
945.26,1.3753e-05,19.648,0.75688
945.79,1.3566e-05,19.668,0.7341
946.33,1.3379e-05,19.688,0.71134
946.86,1.3193e-05,19.708,0.68848
947.4,1.3004e-05,19.727,0.66553
947.94,1.2815e-05,19.745,0.6426
948.48,1.2626e-05,19.762,0.61969
949.02,1.2438e-05,19.779,0.5968
949.56,1.2249e-05,19.796,0.57393
950.1,1.206e-05,19.811,0.55108
950.64,1.1871e-05,19.826,0.52826
951.18,1.1682e-05,19.841,0.50545
951.72,1.1494e-05,19.854,0.48266
952.26,1.1305e-05,19.868,0.45979
952.81,1.1114e-05,19.88,0.43685
953.35,1.0924e-05,19.892,0.41392
953.9,1.0734e-05,19.903,0.39101
954.44,1.0544e-05,19.914,0.36811
954.99,1.0353e-05,19.924,0.34523
955.53,1.0163e-05,19.934,0.32236
956.08,9.9726e-06,19.942,0.2995
956.62,9.7823e-06,19.951,0.27665
957.16,9.5919e-06,19.958,0.25382
957.71,9.4016e-06,19.965,0.23088
958.26,9.2095e-06,19.971,0.20784
958.81,9.0173e-06,19.977,0.18481
959.36,8.8251e-06,19.982,0.16179
959.91,8.6329e-06,19.987,0.13877
960.46,8.4408e-06,19.991,0.11576
961.01,8.2486e-06,19.994,0.092758
961.56,8.0564e-06,19.996,0.069759
962.11,7.8642e-06,19.998,0.046764
962.66,7.6721e-06,20,0.023772
963.21,7.4799e-06,20,0.00067782
963.76,7.286e-06,20,-0.022521
964.32,7.092e-06,20,-0.045718
964.87,6.8981e-06,19.998,-0.068915
965.43,6.7041e-06,19.996,-0.092112
965.98,6.5102e-06,19.994,-0.11531
966.54,6.3162e-06,19.991,-0.13851
967.09,6.1223e-06,19.987,-0.16171
967.65,5.9283e-06,19.982,-0.18491
968.2,5.7344e-06,19.977,-0.20812
968.76,5.5405e-06,19.971,-0.23151
969.32,5.3443e-06,19.965,-0.25496
969.88,5.1481e-06,19.958,-0.27831
970.44,4.952e-06,19.95,-0.30207
971,4.7558e-06,19.941,-0.32597
971.56,4.5596e-06,19.932,-0.348
972.13,4.3635e-06,19.922,-0.37104
972.69,4.1673e-06,19.912,-0.40154
973.25,3.9711e-06,19.901,-0.42164
973.81,3.775e-06,19.889,-0.41174
974.37,3.5788e-06,19.877,-0.39468
974.94,3.3812e-06,19.866,-0.38495
975.5,3.1837e-06,19.855,-0.3754
976.07,2.9861e-06,19.844,-0.36415
976.63,2.7885e-06,19.834,-0.35319
977.2,2.5909e-06,19.824,-0.34255
977.76,2.3933e-06,19.814,-0.33177
978.33,2.1957e-06,19.805,-0.32094
978.89,1.9981e-06,19.795,-0.31014
979.46,1.8006e-06,19.787,-0.29934
980.03,1.603e-06,19.778,-0.28848
980.6,1.4036e-06,19.77,-0.27756
981.17,1.2042e-06,19.762,-0.26664
981.74,1.0048e-06,19.754,-0.25572
982.31,8.0536e-07,19.747,-0.24479
982.88,6.0595e-07,19.739,-0.23385
983.45,4.0655e-07,19.733,-0.22291
984.02,2.0714e-07,19.726,-0.21197
984.59,7.7304e-09,19.72,-0.20102
985.16,-1.9168e-07,19.714,-0.19007
985.73,-3.9108e-07,19.709,-0.17909
986.31,-5.9171e-07,19.704,-0.16806
986.88,-7.9234e-07,19.699,-0.15704
987.45,-9.9297e-07,19.694,-0.14601
988.03,-1.1936e-06,19.69,-0.13497
988.6,-1.3942e-06,19.686,-0.12394
989.18,-1.5948e-06,19.682,-0.1129
989.75,-1.7955e-06,19.679,-0.10186
990.32,-1.9961e-06,19.676,-0.090818
990.9,-2.1967e-06,19.673,-0.079774
991.47,-2.3974e-06,19.671,-0.068708
992.05,-2.5987e-06,19.669,-0.057621
992.62,-2.8001e-06,19.667,-0.046533
993.2,-3.0014e-06,19.666,-0.035443
993.78,-3.2027e-06,19.665,-0.024352
994.35,-3.4041e-06,19.664,-0.013261
994.93,-3.6054e-06,19.664,-0.0021682
995.51,-3.8068e-06,19.664,0.0089245
996.08,-4.0081e-06,19.664,0.020018
996.66,-4.2095e-06,19.665,0.031111
997.23,-4.4108e-06,19.666,0.042217
997.81,-4.6126e-06,19.667,0.053335
998.39,-4.8145e-06,19.668,0.064452
998.97,-5.0163e-06,19.67,0.07557
999.54,-5.2181e-06,19.672,0.086686
1000.1,-5.4199e-06,19.675,0.097801
1000.7,-5.6217e-06,19.678,0.10892
1001.3,-5.8235e-06,19.681,0.12003
1001.9,-6.0253e-06,19.685,0.13114
1002.4,-6.2271e-06,19.688,0.14225
1003,-6.4289e-06,19.693,0.15336
1003.6,-6.6308e-06,19.697,0.16447
1004.2,-6.8327e-06,19.702,0.17558
1004.7,-7.0345e-06,19.707,0.18668
1005.3,-7.2364e-06,19.713,0.19778
1005.9,-7.4383e-06,19.718,0.20888
1006.5,-7.6402e-06,19.725,0.21998
1007.1,-7.8421e-06,19.731,0.23107
1007.6,-8.0439e-06,19.738,0.24216
1008.2,-8.2458e-06,19.745,0.25325
1008.8,-8.4477e-06,19.752,0.26432
1009.4,-8.6492e-06,19.76,0.27538
1009.9,-8.8508e-06,19.768,0.28644
1010.5,-9.0523e-06,19.776,0.29749
1011.1,-9.2538e-06,19.785,0.30853
1011.7,-9.4554e-06,19.794,0.31961
1012.2,-9.6569e-06,19.803,0.33063
1012.8,-9.8584e-06,19.813,0.34153
1013.4,-1.006e-05,19.823,0.35276
1014,-1.0261e-05,19.833,0.36416
1014.6,-1.0463e-05,19.844,0.37387
1015.1,-1.0664e-05,19.855,0.3845
1015.7,-1.0866e-05,19.866,0.40188
1016.3,-1.1067e-05,19.877,0.40823
1016.9,-1.1268e-05,19.889,0.38706
1017.4,-1.1469e-05,19.9,0.3617
1018,-1.1671e-05,19.911,0.34278
1018.6,-1.1872e-05,19.921,0.32334
1019.2,-1.2073e-05,19.93,0.30261
1019.7,-1.2275e-05,19.939,0.2823
1020.3,-1.2476e-05,19.947,0.26224
1020.9,-1.2676e-05,19.955,0.2421
1021.5,-1.2877e-05,19.962,0.22195
1022,-1.3077e-05,19.968,0.20184
1022.6,-1.3278e-05,19.974,0.18173
1023.2,-1.3478e-05,19.979,0.16163
1023.8,-1.3679e-05,19.984,0.14153
1024.3,-1.3879e-05,19.988,0.12144
1024.9,-1.408e-05,19.991,0.10135
1025.5,-1.428e-05,19.994,0.081264
1026,-1.4481e-05,19.996,0.06123
1026.6,-1.468e-05,19.998,0.041244
1027.2,-1.488e-05,19.999,0.021261
1027.8,-1.5079e-05,20,0.0012791
1028.3,-1.5279e-05,20,-0.018701
1028.9,-1.5478e-05,19.999,-0.03868
1029.5,-1.5678e-05,19.998,-0.058659
1030,-1.5878e-05,19.997,-0.078639
1030.6,-1.6077e-05,19.994,-0.098619
1031.2,-1.6277e-05,19.992,-0.1186
1031.8,-1.6476e-05,19.988,-0.13856
1032.3,-1.6675e-05,19.984,-0.1585
1032.9,-1.6874e-05,19.98,-0.17844
1033.5,-1.7074e-05,19.975,-0.19838
1034,-1.7273e-05,19.969,-0.21833
1034.6,-1.7472e-05,19.963,-0.23829
1035.2,-1.7671e-05,19.956,-0.25825
1035.7,-1.787e-05,19.949,-0.27821
1036.3,-1.8069e-05,19.941,-0.29818
1036.9,-1.8268e-05,19.932,-0.31816
1037.5,-1.8467e-05,19.923,-0.3381
1038,-1.8665e-05,19.913,-0.35799
1038.6,-1.8863e-05,19.903,-0.37789
1039.2,-1.9061e-05,19.892,-0.3978
1039.7,-1.9259e-05,19.881,-0.41772
1040.3,-1.9458e-05,19.869,-0.43765
1040.9,-1.9656e-05,19.857,-0.4576
1041.4,-1.9854e-05,19.844,-0.47755
1042,-2.0052e-05,19.83,-0.49752
1042.6,-2.025e-05,19.816,-0.5175
1043.1,-2.0448e-05,19.801,-0.53742
1043.7,-2.0645e-05,19.786,-0.5573
1044.3,-0.00020546,19.77,-0.57719
1044.8,-0.00039028,19.753,-0.5971
1045.4,-0.0005751,19.736,-0.61702
1045.9,-0.00075992,19.719,-0.63696
1046.5,-0.00094474,19.701,-0.65692
1047.1,-0.0011296,19.682,-0.67689
1047.6,-0.0013144,19.662,-0.69688
1048.2,-0.0014992,19.642,-0.71689
1048.8,-0.001684,19.622,-0.73678
1049.3,-0.0018663,19.601,-0.75655
1049.9,-0.0020486,19.58,-0.77634
1050.4,-0.0022309,19.558,-0.79616
1051,-0.0024131,19.535,-0.81599
1051.5,-0.0025954,19.512,-0.83585
1052.1,-0.0027777,19.488,-0.85573
1052.6,-0.00296,19.464,-0.87563
1053.2,-0.0031422,19.439,-0.89556
1053.8,-0.0033245,19.413,-0.91551
1054.3,-0.0035068,19.387,-0.93533
1054.9,-0.0036865,19.36,-0.95505
1055.4,-0.0038661,19.333,-0.97479
1056,-0.0040458,19.306,-0.99456
1056.5,-0.0042255,19.278,-1.0144
1057,-0.0044052,19.249,-1.0342
1057.6,-0.0045849,19.219,-1.054
1058.1,-0.0047645,19.189,-1.0739
1058.7,-0.0049442,19.159,-1.0938
1059.2,-0.0051239,19.127,-1.1138
1059.8,-0.0053036,19.096,-1.1335
1060.3,-0.00548,19.064,-1.1532
1060.9,-0.0056565,19.031,-1.1729
1061.4,-0.005833,18.998,-1.1926
1061.9,-0.0060094,18.964,-1.2123
1062.5,-0.0061859,18.93,-1.2321
1063,-0.0063624,18.895,-1.2519
1063.5,-0.0065389,18.859,-1.2717
1064.1,-0.0067153,18.823,-1.2916
1064.6,-0.0068918,18.786,-1.3115
1065.2,-0.0070683,18.749,-1.3313
1065.7,-0.0072415,18.711,-1.3509
1066.2,-0.0074147,18.673,-1.3706
1066.7,-0.0075879,18.634,-1.3903
1067.3,-0.0077611,18.595,-1.41
1067.8,-0.0079343,18.555,-1.4298
1068.3,-0.0081075,18.514,-1.4496
1068.9,-0.0082807,18.473,-1.4695
1069.4,-0.0084539,18.431,-1.4894
1069.9,-0.0086271,18.388,-1.5093
1070.4,-0.0088003,18.345,-1.5291
1071,-0.0089704,18.302,-1.5488
1071.5,-0.0091405,18.258,-1.5685
1072,-0.0093106,18.213,-1.5883
1072.5,-0.0094806,18.168,-1.6081
1073,-0.0096507,18.122,-1.6279
1073.5,-0.0098208,18.076,-1.6478
1074.1,-0.0099909,18.028,-1.6678
1074.6,-0.010161,17.981,-1.6878
1075.1,-0.010331,17.932,-1.7078
1075.6,-0.010501,17.883,-1.7277
1076.1,-0.010668,17.833,-1.7476
1076.6,-0.01121,17.783,-1.7674
1077.2,-0.011751,17.733,-1.7874
1077.7,-0.012293,17.681,-1.8073
1078.2,-0.012834,17.629,-1.8274
1078.7,-0.013376,17.576,-1.8474
1079.2,-0.013917,17.523,-1.8676
1079.7,-0.014459,17.469,-1.8879
1080.2,-0.015,17.414,-1.9081
1080.7,-0.015542,17.358,-1.9279
1081.2,-0.016075,17.302,-1.9481
1081.7,-0.016609,17.245,-1.9697
1082.2,-0.017143,17.188,-1.9896
1082.7,-0.017676,17.13,-2.0042
1083.2,-0.01821,17.071,-2.0261
1083.7,-0.018744,17.012,-2.0676
1084.2,-0.019277,16.951,-2.0819
1084.7,-0.019811,16.889,-2.0188
1085.2,-0.020345,16.829,-1.9236
1085.7,-0.020878,16.772,-1.8425
1086.3,-0.021489,16.708,-1.763
1086.9,-0.022099,16.648,-1.677
1087.5,-0.02271,16.59,-1.5901
1088,-0.02332,16.535,-1.5043
1088.6,-0.023931,16.483,-1.418
1089.2,-0.024541,16.433,-1.3311
1089.8,-0.025152,16.387,-1.2441
1090.3,-0.025762,16.343,-1.1568
1090.9,-0.026373,16.302,-1.0692
1091.5,-0.026983,16.265,-0.98218
1092,-0.027583,16.231,-0.89571
1092.6,-0.028183,16.2,-0.80903
1093.2,-0.028783,16.171,-0.72216
1093.7,-0.029383,16.146,-0.6351
1094.3,-0.029982,16.124,-0.54787
1094.9,-0.029045,16.105,-0.46052
1095.4,-0.028107,16.089,-0.37303
1096,-0.02717,16.076,-0.28541
1096.6,-0.026232,16.066,-0.19782
1097.1,-0.025295,16.059,-0.11088
1097.7,-0.024374,16.055,-0.024161
1098.2,-0.023453,16.054,0.061949
1098.8,-0.022533,16.056,0.14638
1099.3,-0.021612,16.061,0.23479
1099.9,-0.020691,16.069,0.32784
1100.5,-0.019771,16.081,0.40067
1101,-0.01885,16.094,0.44932
1101.6,-0.017929,16.11,0.49988
1102.1,-0.017008,16.127,0.55569
1102.7,-0.016088,16.146,0.60982
1103.2,-0.015178,16.167,0.66256
1103.8,-0.014267,16.189,0.71571
1104.3,-0.013357,16.213,0.76896
1104.9,-0.012447,16.239,0.82201
1105.4,-0.011537,16.267,0.87496
1106,-0.010627,16.297,0.92787
1106.5,-0.0097163,16.328,0.98069
1107.1,-0.0088061,16.361,1.0334
1107.6,-0.0078959,16.395,1.086
1108.1,-0.0069857,16.432,1.1386
1108.7,-0.0060745,16.47,1.191
1109.2,-0.0051633,16.509,1.2434
1109.8,-0.0042521,16.551,1.2956
1110.3,-0.0033409,16.594,1.3477
1110.9,-0.0024297,16.638,1.3997
1111.4,-0.0015185,16.684,1.4516
1112,-0.0006073,16.732,1.5033
1112.5,0.00030389,16.781,1.5549
1113.1,0.0012151,16.832,1.6064
1113.6,0.0021263,16.884,1.6576
1114.2,0.0030456,16.939,1.7092
1114.7,0.0029498,16.995,1.7617
1115.3,0.0028541,17.052,1.8121
1115.8,0.0027583,17.111,1.859
1116.4,0.0026625,17.171,1.9164
1117,0.0025668,17.233,1.981
1117.5,0.002471,17.296,1.9938
1118.1,0.0023752,17.36,1.9558
1118.6,0.0022795,17.422,1.9262
1119.2,0.0021837,17.484,1.9071
1119.7,0.0020864,17.545,1.8843
1120.3,0.0019891,17.605,1.8597
1120.9,0.0018918,17.665,1.8363
1121.4,0.0017945,17.723,1.8133
1122,0.0016972,17.781,1.79
1122.5,0.0015999,17.837,1.7668
1123.1,0.0015026,17.893,1.7438
1123.7,0.0014054,17.948,1.7208
1124.2,0.0013081,18.002,1.6978
1124.8,0.0012108,18.055,1.6748
1125.4,0.0011121,18.108,1.6517
1125.9,0.0010135,18.16,1.6287
1126.5,0.00091481,18.211,1.6057
1127.1,0.00081615,18.261,1.5828
1127.6,0.0007175,18.31,1.56
1128.2,0.00061884,18.359,1.5372
1128.8,0.00052019,18.407,1.5145
1129.4,0.00042153,18.454,1.4919
1129.9,0.00032288,18.5,1.4693
1130.5,0.00022422,18.545,1.4466
1131.1,0.00012429,18.59,1.4238
1131.6,2.4347e-05,18.634,1.4011
1132.2,-7.5591e-05,18.678,1.3785
1132.8,-0.00017553,18.72,1.3559
1133.4,-0.00027547,18.762,1.3333
1134,-0.0003754,18.803,1.3108
1134.5,-0.00047535,18.844,1.2884
1135.1,-0.00057528,18.883,1.266
1135.7,-0.00067522,18.922,1.2437
1136.3,-0.00077516,18.96,1.223
1136.8,-0.0007787,18.992,1.2037
1137.3,-0.00078224,19.024,1.1844
1137.8,-0.00078578,19.055,1.1652
1138.3,-0.00078932,19.086,1.1459
1138.8,-0.00079286,19.116,1.1268
1139.3,-0.0007964,19.145,1.1076
1139.8,-0.00079994,19.174,1.0885
1140.3,-0.00080349,19.203,1.0694
1140.8,-0.00080703,19.231,1.0503
1141.3,-0.00081057,19.258,1.0312
1141.8,-0.00081413,19.285,1.0121
1142.3,-0.00081769,19.311,0.99304
1142.8,-0.00082125,19.337,0.97399
1143.3,-0.00082481,19.363,0.95497
1143.8,-0.00082836,19.388,0.93597
1144.3,-0.00083192,19.412,0.91699
1144.8,-0.00083548,19.436,0.89804
1145.3,-0.00083904,19.459,0.87912
1145.8,-0.0008426,19.482,0.86022
1146.3,-0.00084616,19.504,0.84126
1146.8,-0.00084975,19.526,0.82227
1147.3,-0.00085334,19.547,0.80329
1147.8,-0.00085692,19.568,0.78434
1148.4,-0.00086051,19.589,0.76541
1148.9,-0.00086409,19.608,0.7465
1149.4,-0.00086768,19.628,0.72761
1149.9,-0.00087127,19.647,0.70874
1150.4,-0.00087485,19.665,0.68988
1150.9,-0.00087844,19.683,0.67105
1151.4,-0.00088203,19.7,0.65222
1151.9,-0.00088562,19.717,0.63341
1152.4,-0.00088921,19.733,0.6146
1152.9,-0.0008928,19.749,0.59582
1153.4,-0.00089639,19.764,0.57705
1153.9,-0.00089998,19.779,0.5583
1154.4,-0.00090357,19.794,0.53956
1155,-0.00090716,19.807,0.52083
1155.5,-0.00091075,19.821,0.50212
1156,-0.00091434,19.834,0.48343
1156.5,-0.00091793,19.846,0.46475
1157,-0.00092152,19.858,0.44609
1157.5,-0.00092511,19.869,0.42745
1158,-0.0009287,19.88,0.40881
1158.5,-0.00093228,19.891,0.39019
1159,-0.00093587,19.901,0.37157
1159.5,-0.00093946,19.91,0.35297
1160,-0.00094305,19.919,0.33438
1160.5,-0.00094664,19.928,0.31579
1161.1,-0.00095022,19.936,0.29722
1161.6,-0.00095381,19.943,0.27875
1162.1,-0.00095736,19.95,0.26038
1162.6,-0.00096091,19.957,0.24201
1163.1,-0.00096447,19.963,0.22366
1163.6,-0.00096802,19.969,0.20531
1164.1,-0.00097157,19.974,0.18697
1164.6,-0.00097512,19.978,0.16863
1165.1,-0.00097867,19.983,0.1503
1165.6,-0.00098222,19.987,0.13197
1166.1,-0.00098577,19.99,0.11365
1166.6,-0.00079453,19.993,0.093984
1167.2,-0.00057529,19.995,0.072986
1167.7,-0.00035605,19.998,0.051993
1168.3,-0.00013681,19.999,0.031002
1168.9,8.2428e-05,20,0.010014
1169.5,0.00030167,20,-0.010972
1170,0.00052091,20,-0.031957
1170.6,0.00074015,19.999,-0.052941
1171.2,0.00095939,19.997,-0.073925
1171.8,0.0011786,19.995,-0.09491
1172.4,0.0013979,19.993,-0.1157
1172.9,0.0016129,19.989,-0.13628
1173.5,0.001828,19.985,-0.15687
1174,0.002043,19.981,-0.17746
1174.6,0.002258,19.976,-0.19806
1175.2,0.0024731,19.97,-0.21866
1175.7,0.0026907,19.964,-0.23926
1176.3,0.0029082,19.957,-0.25987
1176.9,0.0031258,19.95,-0.28049
1177.4,0.0033434,19.942,-0.30111
1178,0.0035609,19.934,-0.32149
1178.6,0.0037733,19.925,-0.34163
1179.1,0.0039856,19.915,-0.36178
1179.7,0.0041979,19.905,-0.38193
1180.2,0.0044102,19.895,-0.4021
1180.8,0.0046226,19.883,-0.42227
1181.3,0.0048349,19.872,-0.44246
1181.9,0.0050472,19.859,-0.46266
1182.4,0.0052595,19.847,-0.48286
1183,0.0054718,19.833,-0.50308
1183.5,0.0056842,19.819,-0.52311
1184.1,0.0058921,19.805,-0.54294
1184.6,0.0061001,19.79,-0.56278
1185.1,0.0063081,19.775,-0.58264
1185.7,0.0065161,19.759,-0.60251
1186.2,0.006724,19.742,-0.6224
1186.8,0.006932,19.725,-0.6423
1187.3,0.00714,19.708,-0.66222
1187.8,0.0073479,19.69,-0.68216
1188.4,0.0075559,19.671,-0.70211
1188.9,0.0077639,19.651,-0.72188
1189.5,0.0079679,19.632,-0.74149
1190,0.0081719,19.612,-0.76112
1190.5,0.0083759,19.591,-0.78077
1191,0.0085799,19.57,-0.80043
1191.6,0.008784,19.549,-0.82012
1192.1,0.008988,19.526,-0.83982
1192.6,0.0091361,19.504,-0.85955
1193.2,0.0092842,19.48,-0.8793
1193.7,0.0094323,19.456,-0.89907
1194.2,0.0095804,19.432,-0.91869
1194.8,0.009726,19.407,-0.93816
1195.3,0.0098715,19.382,-0.95766
1195.8,0.010017,19.356,-0.97719
1196.3,0.010163,19.33,-0.99674
1196.8,0.010308,19.303,-1.0163
1197.4,0.010454,19.276,-1.0359
1197.9,0.010599,19.248,-1.0555
1198.4,0.010745,19.219,-1.0752
1198.9,0.01089,19.19,-1.0949
1199.4,0.011036,19.16,-1.1144
1200,0.011179,19.13,-1.1339
1200.5,0.011323,19.1,-1.1533
1201,0.011466,19.069,-1.1728
1201.5,0.011609,19.037,-1.1923
1202,0.011752,19.005,-1.2119
1202.5,0.011896,18.973,-1.2315
1203,0.012039,18.939,-1.2511
1203.5,0.012182,18.905,-1.2707
1204.1,0.012326,18.871,-1.2904
1204.6,0.012469,18.836,-1.31
1205.1,0.01261,18.801,-1.3295
1205.6,0.012752,18.765,-1.349
1206.1,0.012893,18.728,-1.3685
1206.6,0.013034,18.692,-1.3881
1207.1,0.013176,18.654,-1.4078
1207.6,0.013317,18.616,-1.4274
1208.1,0.013459,18.577,-1.4471
1208.6,0.0136,18.538,-1.4669
1209.1,0.013741,18.497,-1.4867
1209.6,0.013883,18.457,-1.508
1210.2,0.014042,18.41,-1.5304
1210.8,0.014202,18.363,-1.5528
1211.3,0.014362,18.315,-1.5753
1211.9,0.014522,18.266,-1.5978
1212.5,0.014682,18.216,-1.6206
1213.1,0.014842,18.165,-1.6433
1213.6,0.015002,18.113,-1.6656
1214.2,0.015162,18.061,-1.6884
1214.8,0.015322,18.008,-1.7136
1215.3,0.015482,17.953,-1.734
1215.9,0.015639,17.899,-1.7457
1216.5,0.015797,17.845,-1.7566
1217,0.015954,17.789,-1.7696
1217.6,0.016112,17.734,-1.7824
1218.1,0.016269,17.677,-1.7948
1218.7,0.016426,17.62,-1.8074
1219.3,0.016584,17.563,-1.8201
1219.8,0.016741,17.505,-1.8328
1220.4,0.016898,17.446,-1.8455
1220.9,0.017056,17.387,-1.8581
1221.5,0.017211,17.328,-1.8708
1222,0.017366,17.268,-1.8834
1222.6,0.017521,17.208,-1.8961
1223.1,0.017676,17.147,-1.9089
1223.7,0.017831,17.086,-1.9217
1224.2,0.017986,17.024,-1.9345
1224.8,0.018141,16.961,-1.9474
1225.4,0.018296,16.897,-1.9603
1225.9,0.018451,16.833,-1.9733
1226.5,0.018606,16.769,-1.9863
1227,0.01876,16.704,-1.9993
1227.6,0.018408,16.638,-2.0123
1228.1,0.018057,16.572,-2.0254
1228.7,0.017706,16.505,-2.0386
1229.2,0.017354,16.437,-2.0517
1229.8,0.017003,16.368,-2.065
1230.3,0.016652,16.299,-2.0783
1230.8,0.0163,16.229,-2.0916
1231.4,0.015949,16.158,-2.1051
1231.9,0.015598,16.087,-2.1184
1232.5,0.01525,16.015,-2.1318
1233,0.014901,15.943,-2.1453
1233.6,0.014553,15.87,-2.1588
1234.1,0.014205,15.796,-2.1724
1234.7,0.013857,15.721,-2.186
1235.2,0.013509,15.645,-2.1997
1235.8,0.013161,15.569,-2.2134
1236.3,0.012812,15.491,-2.2273
1236.8,0.012464,15.413,-2.2412
1237.4,0.012116,15.334,-2.2549
1237.9,0.011772,15.255,-2.2688
1238.5,0.011429,15.175,-2.2827
1239,0.011085,15.094,-2.2967
1239.5,0.010741,15.013,-2.3107
1240.1,0.010397,14.93,-2.3249
1240.6,0.010054,14.846,-2.339
1241.1,0.0097098,14.762,-2.3533
1241.7,0.009366,14.676,-2.3677
1242.2,0.0090223,14.589,-2.3821
1242.8,0.0086785,14.502,-2.3958
1243.3,0.0083491,14.417,-2.4099
1243.8,0.0080196,14.331,-2.4248
1244.3,0.0076902,14.244,-2.4383
1244.8,0.0073608,14.156,-2.4495
1245.3,0.0070313,14.066,-2.4666
1245.8,0.0067019,13.976,-2.492
1246.4,0.0063725,13.884,-2.4939
1246.9,0.006043,13.792,-2.4577
1247.4,0.0057136,13.7,-2.416
1247.9,0.0053842,13.61,-2.3838
1248.4,0.0050541,13.519,-2.3522
1248.9,0.0047241,13.43,-2.3178
1249.4,0.0043941,13.341,-2.2831
1250,0.0040641,13.252,-2.2488
1250.5,0.0037341,13.165,-2.2144
1251,0.0034041,13.078,-2.1796
1251.5,0.0030741,12.992,-2.1443
1252,0.0027441,12.907,-2.1088
1252.5,0.0024141,12.823,-2.074
1253.1,-0.00029183,12.739,-2.0387
1253.6,-0.0030384,12.656,-1.999
1254.1,-0.0057849,12.573,-1.9606
1254.6,-0.0085315,12.491,-1.9364
1255.2,-0.011278,12.41,-1.9014
1255.7,-0.014025,12.33,-1.8106
1256.2,-0.016771,12.253,-1.6908
1256.7,-0.019518,12.181,-1.5828
1257.2,-0.022264,12.113,-1.4804
1257.8,-0.025011,12.049,-1.3737
1258.3,-0.027757,11.989,-1.2648
1258.8,-0.030519,11.934,-1.156
1259.3,-0.033281,11.883,-1.0468
1259.9,-0.036042,11.837,-0.93685
1260.4,-0.038804,11.795,-0.82636
1260.9,-0.041565,11.758,-0.71547
1261.4,-0.044327,11.726,-0.60417
1262,-0.047089,11.699,-0.49244
1262.5,-0.04985,11.677,-0.38041
1263,-0.052612,11.66,-0.26806
1263.6,-0.055373,11.648,-0.15491
1264.1,-0.058161,11.641,-0.040982
1264.6,-0.057665,11.639,0.073076
1265.1,-0.057168,11.642,0.18725
1265.7,-0.056672,11.651,0.30147
1266.2,-0.056175,11.664,0.4157
1266.7,-0.055678,11.683,0.52989
1267.3,-0.055182,11.707,0.64397
1267.8,-0.054685,11.737,0.75791
1268.3,-0.054188,11.771,0.87165
1268.9,-0.053692,11.81,0.98461
1269.4,-0.052707,11.854,1.0967
1269.9,-0.051721,11.903,1.2085
1270.4,-0.050736,11.956,1.3199
1271,-0.049751,12.014,1.4308
1271.5,-0.048766,12.077,1.5413
1272,-0.04778,12.144,1.6514
1272.5,-0.046795,12.216,1.7605
1273.1,-0.04581,12.291,1.8691
1273.6,-0.044824,12.372,1.9786
1274.1,-0.043839,12.456,2.0854
1274.6,-0.042881,12.541,2.1843
1275.2,-0.041922,12.631,2.2865
1275.7,-0.040964,12.723,2.4092
1276.2,-0.040005,12.82,2.5122
1276.7,-0.039047,12.92,2.5316
1277.2,-0.038089,13.021,2.5075
1277.7,-0.03713,13.119,2.5031
1278.2,-0.036172,13.217,2.5094
1278.7,-0.035213,13.314,2.5102
1279.2,-0.034255,13.411,2.5082
1279.8,-0.033288,13.507,2.508
1280.3,-0.032321,13.603,2.5083
1280.8,-0.031354,13.698,2.5082
1281.3,-0.030387,13.793,2.508
1281.8,-0.029419,13.887,2.5079
1282.3,-0.028452,13.98,2.5078
1282.9,-0.027485,14.073,2.5076
1283.4,-0.026518,14.165,2.5076
1283.9,-0.025551,14.256,2.5078
1284.4,-0.024584,14.347,2.5065
1285,-0.023526,14.446,2.5055
1285.5,-0.022469,14.544,2.5082
1286.1,-0.021411,14.641,2.5095
1286.7,-0.020353,14.738,2.4947
1287.2,-0.019296,14.834,2.4717
1287.8,-0.018238,14.928,2.4527
1288.4,-0.01718,15.02,2.4351
1288.9,-0.016123,15.112,2.4164
1289.5,-0.015065,15.202,2.3978
1290.1,-0.014007,15.291,2.3807
1290.6,-0.01302,15.374,2.3637
1291.1,-0.012625,15.455,2.3468
1291.6,-0.012229,15.535,2.33
1292.2,-0.011834,15.614,2.3133
1292.7,-0.011439,15.692,2.2967
1293.2,-0.011044,15.769,2.2802
1293.8,-0.010648,15.845,2.2637
1294.3,-0.010253,15.921,2.2474
1294.8,-0.0098577,15.995,2.2311
1295.3,-0.0094624,16.069,2.2142
1295.9,-0.0090443,16.145,2.1971
1296.4,-0.0086262,16.221,2.1802
1297,-0.0082081,16.296,2.1633
1297.6,-0.00779,16.37,2.1465
1298.1,-0.0073719,16.443,2.1298
1298.7,-0.0069538,16.516,2.1132
1299.2,-0.0065357,16.587,2.0966
1299.8,-0.0061176,16.657,2.0802
1300.4,-0.0056995,16.727,2.0637
1300.9,-0.0052814,16.796,2.0467
1301.5,-0.0048505,16.866,2.0307
1302.1,-0.0044196,16.935,2.0147
1302.6,-0.0039887,17.003,1.9937
1303.2,-0.0035578,17.071,1.9697
1303.8,-0.0031269,17.137,1.947
1304.4,-0.002696,17.202,1.9248
1304.9,-0.0022651,17.267,1.9023
1305.5,-0.0018342,17.33,1.8799
1306.1,-0.0014033,17.392,1.8577
1306.7,-0.00097239,17.454,1.8359
1307.2,-0.00055141,17.513,1.8143
1307.8,-0.00054086,17.571,1.7928
1308.3,-0.00053032,17.628,1.7714
1308.9,-0.00051977,17.685,1.75
1309.5,-0.00050922,17.74,1.7287
1310,-0.00049867,17.795,1.7075
1310.6,-0.00048813,17.849,1.6864
1311.1,-0.00047758,17.902,1.6653
1311.7,-0.00046703,17.954,1.6443
1312.3,-0.00045648,18.006,1.6237
1312.8,-0.00044626,18.055,1.6035
1313.4,-0.00043603,18.103,1.5833
1313.9,-0.0004258,18.151,1.5631
1314.4,-0.00041558,18.198,1.543
1315,-0.00040535,18.244,1.523
1315.5,-0.00039513,18.289,1.503
1316.1,-0.0003849,18.334,1.4831
1316.6,-0.00037468,18.378,1.4632
1317.2,-0.00036445,18.421,1.4434
1317.7,-0.00035422,18.464,1.4235
1318.3,-0.0003439,18.506,1.4036
1318.8,-0.00033358,18.548,1.3837
1319.4,-0.00032326,18.589,1.3639
1319.9,-0.00031294,18.629,1.3441
1320.5,-0.00030261,18.669,1.3244
1321,-0.00029229,18.708,1.3047
1321.6,-0.00028197,18.746,1.285
1322.1,-0.00027165,18.784,1.2654
1322.7,-0.00026133,18.821,1.2458
1323.2,-0.00025101,18.857,1.2263
1323.8,-0.00024067,18.893,1.2068
1324.3,-0.00023033,18.928,1.1873
1324.9,-0.00022,18.963,1.1679
1325.4,-0.00020966,18.997,1.1485
1326,-0.00019932,19.03,1.1291
1326.5,-0.00018899,19.063,1.1098
1327.1,-0.00017865,19.095,1.0905
1327.6,-0.00016832,19.126,1.0712
1328.2,-0.00015798,19.157,1.052
1328.7,-0.00014764,19.187,1.0329
1329.3,-0.00013745,19.216,1.014
1329.8,-0.00012726,19.245,0.99517
1330.3,-0.00011708,19.273,0.97633
1330.9,-0.00010689,19.3,0.95753
1331.4,-9.6698e-05,19.327,0.93875
1332,-8.6509e-05,19.354,0.91999
1332.5,-7.632e-05,19.379,0.90127
1333.1,-6.6131e-05,19.405,0.88257
1333.6,-5.5942e-05,19.429,0.86389
1334.1,-4.5753e-05,19.453,0.84542
1334.7,-3.5744e-05,19.477,0.82712
1335.2,-2.5735e-05,19.499,0.80884
1335.7,-1.5726e-05,19.521,0.79059
1336.3,-5.7166e-06,19.543,0.77236
1336.8,4.2924e-06,19.564,0.75415
1337.3,1.4301e-05,19.585,0.73596
1337.9,2.431e-05,19.605,0.71779
1338.4,3.4319e-05,19.624,0.69964
1338.9,4.4329e-05,19.643,0.68151
1339.5,4.4836e-05,19.662,0.66351
1340,4.5337e-05,19.679,0.64564
1340.5,4.5839e-05,19.697,0.62778
1341,4.634e-05,19.713,0.60994
1341.6,4.6841e-05,19.73,0.59211
1342.1,4.7343e-05,19.745,0.5743
1342.6,4.7844e-05,19.761,0.55651
1343.1,4.8345e-05,19.776,0.53873
1343.7,4.8847e-05,19.79,0.52096
1344.2,4.9348e-05,19.804,0.50321
1344.7,4.9849e-05,19.817,0.48556
1345.2,5.0346e-05,19.83,0.468
1345.8,5.0842e-05,19.842,0.45046
1346.3,5.1339e-05,19.854,0.43292
1346.8,5.1835e-05,19.865,0.4154
1347.3,5.2331e-05,19.876,0.39789
1347.9,5.2828e-05,19.887,0.38039
1348.4,5.3324e-05,19.897,0.3629
1348.9,5.3821e-05,19.906,0.34542
1349.4,5.4317e-05,19.915,0.32795
1349.9,5.4814e-05,19.924,0.31056
1350.5,5.5306e-05,19.932,0.29325
1351,5.5798e-05,19.939,0.27595
1351.5,5.6291e-05,19.947,0.25866
1352,5.6783e-05,19.953,0.24137
1352.5,5.7275e-05,19.96,0.22409
1353,5.7768e-05,19.965,0.20682
1353.6,5.826e-05,19.971,0.18955
1354.1,5.8752e-05,19.976,0.17229
1354.6,5.9245e-05,19.98,0.15502
1355.1,5.9737e-05,19.984,0.1378
1355.6,6.0227e-05,19.988,0.12069
1356.1,6.0717e-05,19.991,0.10354
1356.7,6.1207e-05,19.993,0.086136
1357.2,6.1697e-05,19.996,0.068957
1357.7,6.2187e-05,19.997,0.052757
1358.2,6.2677e-05,19.999,0.035513
1358.7,6.3167e-05,20,0.014654
1359.2,6.3657e-05,20,-0.0014856
1359.7,6.4147e-05,20,-0.0033039
1360.3,6.4637e-05,20,0.00052489
1360.8,6.5125e-05,20,0.00083357
1361.3,6.5613e-05,20,-0.00016707
1361.8,6.61e-05,20,-0.00020927
1362.3,6.6588e-05,20,5.1205e-05
1362.8,6.7076e-05,20,5.2139e-05
1363.3,6.7563e-05,20,-1.5275e-05
1363.8,6.8051e-05,20,-1.2884e-05
1364.4,6.8538e-05,20,4.4631e-06
1364.9,6.9026e-05,20,3.155e-06
1365.4,6.9514e-05,20,-1.2813e-06
1365.9,7e-05,20,-7.7459e-07
1366.4,7.0485e-05,20,3.6038e-07
1366.9,7.0971e-05,20,1.8944e-07
1367.4,7.1457e-05,20,-1.0051e-07
1367.9,7.1943e-05,20,-4.5929e-08
1368.4,7.2428e-05,20,2.7825e-08
1368.9,7.2914e-05,20,1.1026e-08
1369.5,7.34e-05,20,-7.6505e-09
1370,7.3886e-05,20,-2.6172e-09
1370.5,7.4371e-05,20,2.0901e-09
1371,7.4857e-05,20,6.124e-10
1371.5,7.5343e-05,20,-5.6769e-10
1372,7.5829e-05,20,-1.4095e-10
1372.5,7.6315e-05,20,1.532e-10
1373,7.6801e-05,20,3.1894e-11
1373.5,7.7287e-05,20,-4.1226e-11
1374,7.7773e-05,20,-6.9637e-12
1374.6,7.8258e-05,20,1.1003e-11
1375.1,7.8744e-05,20,1.3928e-12
1375.6,7.923e-05,20,-2.8831e-12
1376.1,7.9723e-05,20,-2.7458e-13
1376.6,7.7942e-05,20,8.2375e-13
1377.1,7.616e-05,20,0
1377.6,7.4378e-05,20,-1.3729e-13
1378.2,7.2597e-05,20,0
1378.7,7.0815e-05,20,0
1379.2,6.9033e-05,20,0
1379.7,6.7252e-05,20,0
1380.2,6.547e-05,20,0
1380.8,6.3689e-05,20,0
1381.3,6.187e-05,20,0
1381.8,6.0052e-05,20,0
1382.3,5.8234e-05,20,0
1382.9,5.6415e-05,20,0
1383.4,5.4597e-05,20,0
1383.9,5.2779e-05,20,0
1384.5,5.0961e-05,20,0
1385,4.9142e-05,20,0
1385.5,4.7324e-05,20,0
1386,4.5506e-05,20,0
1386.6,4.3663e-05,20,0
1387.1,4.1821e-05,20,0
1387.6,3.9979e-05,20,0
1388.2,3.8137e-05,20,0
1388.7,3.6295e-05,20,0
1389.2,3.4452e-05,20,0
1389.8,3.261e-05,20,0
1390.3,3.0768e-05,20,0
1390.9,2.8926e-05,20,0
1391.4,2.7083e-05,20,0
1391.9,2.5225e-05,20,0
1392.5,2.3367e-05,20,0
1393,2.1509e-05,20,0
1393.5,1.9652e-05,20,0
1394.1,1.7794e-05,20,0
1394.6,1.5936e-05,20,0
1395.2,1.4078e-05,20,0
1395.7,1.222e-05,20,0
1396.2,1.0362e-05,20,0
1396.8,8.5039e-06,20,0
1397.3,6.6384e-06,20,0
1397.9,4.7728e-06,20,0
1398.4,2.9073e-06,20,0
1399,1.0418e-06,20,0
1399.5,-8.2376e-07,20,0
1400,-2.6893e-06,20,0
1400.6,-4.5548e-06,20,0
1401.1,-6.4204e-06,20,0
1401.7,-8.2859e-06,20,0
1402.2,-1.0151e-05,20,0
1402.7,-1.202e-05,20,0
1403.3,-1.3888e-05,20,0
1403.8,-1.5757e-05,20,0
1404.4,-1.7625e-05,20,0
1404.9,-1.9494e-05,20,0
1405.5,-2.1362e-05,20,0
1406,-2.3231e-05,20,0
1406.5,-2.5099e-05,20,0
1407.1,-2.6968e-05,20,0
1407.6,-2.8836e-05,20,0
1408.2,-3.0697e-05,20,0
1408.7,-3.2557e-05,20,0
1409.3,-3.4417e-05,20,0
1409.8,-3.6278e-05,20,0
1410.3,-3.8138e-05,20,0
1410.9,-3.9998e-05,20,0
1411.4,-4.1859e-05,20,0
1412,-4.3719e-05,20,0
1412.5,-4.558e-05,20,0
1413,-4.744e-05,20,0
1413.6,-4.9268e-05,20,0
1414.1,-5.1096e-05,20,0
1414.6,-5.2924e-05,20,0
1415.2,-5.4753e-05,20,0
1415.7,-5.6581e-05,20,0
1416.2,-5.8409e-05,20,0
1416.8,-6.0237e-05,20,0
1417.3,-6.2065e-05,20,0
1417.8,-6.3893e-05,20,0
1418.3,-6.5721e-05,20,0
1418.9,-6.7514e-05,20,0
1419.4,-6.9306e-05,20,0
1419.9,-7.1098e-05,20,0
1420.4,-7.289e-05,20,0
1420.9,-7.4682e-05,20,0
1421.5,-7.6475e-05,20,0
1422,-7.8267e-05,20,0
1422.5,-8.0059e-05,20,0
1423,-8.1851e-05,20,0
1423.6,-8.3643e-05,20,0
1424.1,-8.5405e-05,20,0
1424.6,-8.7166e-05,20,0
1425.1,-8.8928e-05,20,0
1425.6,-9.069e-05,20,0
1426.1,-9.2451e-05,20,0
1426.6,-9.4213e-05,20,0
1427.1,-9.5975e-05,20,0
1427.6,-9.7736e-05,20,0
1428.2,-9.9498e-05,20,0
1428.7,-0.00010126,20,0
1429.2,-0.00010299,20,0
1429.7,-0.00010472,20,0
1430.2,-0.00010646,20,0
1430.7,-0.00010819,20,0
1431.2,-0.00010992,20,0
1431.7,-0.00011165,20,0
1432.2,-0.00011339,20,0
1432.7,-0.00011512,20,0
1433.2,-0.00011685,20,0
1433.7,-0.00011858,20,0
1434.3,-0.00012054,20,0
1434.8,-0.00011663,20,0
1435.4,-0.00011272,20,0
1436,-0.00010881,20,0
1436.5,-0.00010489,20,0
1437.1,-0.00010098,20,0
1437.7,-9.7071e-05,20,0
1438.2,-9.316e-05,20,0
1438.8,-8.9249e-05,20,0
1439.4,-8.5338e-05,20,0
1439.9,-8.154e-05,20,0
1440.5,-7.7742e-05,20,0
1441,-7.3944e-05,20,0
1441.6,-7.0146e-05,20,0
1442.1,-6.6347e-05,20,0
1442.7,-6.2549e-05,20,0
1443.2,-5.8751e-05,20,0
1443.8,-5.4953e-05,20,0
1444.3,-5.1155e-05,20,0
1444.9,-4.7357e-05,20,0
1445.4,-4.3734e-05,20,0
1445.9,-4.011e-05,20,0
1446.5,-3.6486e-05,20,0
1447,-3.2862e-05,20,0
1447.5,-2.9238e-05,20,0
1448.1,-2.5615e-05,20,0
1448.6,-2.1991e-05,20,0
1449.1,-1.8367e-05,20,0
1449.6,-1.4743e-05,20,0
1450.2,-1.1119e-05,20,0
1450.7,-7.4015e-06,20,0
1451.2,-3.6836e-06,20,0
1451.8,3.4318e-08,20,0
1452.3,3.7522e-06,20,0
1452.9,7.4701e-06,20,0
1453.4,1.1188e-05,20,0
1453.9,1.4906e-05,20,0
1454.5,1.8624e-05,20,0
1455,2.2342e-05,20,0
1455.6,2.606e-05,20,0
1456.1,2.951e-05,20,0
1456.6,3.296e-05,20,0
1457.1,3.6411e-05,20,0
1457.6,3.9861e-05,20,0
1458.1,4.3311e-05,20,0
1458.6,4.6762e-05,20,0
1459.1,5.0212e-05,20,0
1459.6,5.3663e-05,20,0
1460.1,5.7113e-05,20,0
1460.6,6.0563e-05,20,0
1461.1,6.4212e-05,20,1.341e-13
1461.6,6.7861e-05,20,-2.682e-13
1462.2,7.1511e-05,20,-5.364e-13
1462.7,7.516e-05,20,1.7433e-12
1463.2,7.8809e-05,20,1.2069e-12
1463.7,8.2458e-05,20,-7.3755e-12
1464.3,8.6107e-05,20,-2.2797e-12
1464.8,8.9756e-05,20,3.0709e-11
1465.3,9.3405e-05,20,-1.7433e-12
1465.9,9.7054e-05,20,-1.2313e-10
1466.4,0.00010065,20,4.1632e-11
1466.9,0.00010425,20,4.7305e-10
1467.4,0.00010784,20,-2.9047e-10
1468,0.00011144,20,-1.7795e-09
1468.5,0.00010627,20,1.6385e-09
1469,0.0001011,20,6.5313e-09
1469.5,9.593e-05,20,-8.3552e-09
1470,9.0759e-05,20,-2.3296e-08
1470.6,8.5589e-05,20,3.996e-08
1471.1,8.0418e-05,20,8.3329e-08
1471.6,7.5458e-05,20,-1.5794e-07
1472.1,7.0498e-05,20,-3.0972e-07
1472.6,6.5538e-05,20,5.9527e-07
1473.1,6.0578e-05,20,1.1511e-06
1473.6,5.5617e-05,20,-2.2434e-06
1474.1,5.0657e-05,20,-4.2778e-06
1474.6,4.5697e-05,20,8.454e-06
1475.1,4.0737e-05,20,1.5896e-05
1475.6,3.5776e-05,20,-3.1855e-05
1476.1,3.0816e-05,20,-5.7516e-05
1476.6,2.571e-05,20,0.00013236
1477.1,2.0603e-05,20,0.00019708
1477.6,1.5497e-05,20,-0.00055752
1478.2,1.039e-05,20,-0.00065697
1478.7,5.2835e-06,20,0.0023116
1479.2,1.7704e-07,20,0.0021104
1479.7,-4.9296e-06,20,-0.010062
1480.2,-1.0036e-05,20,-0.027741
1480.7,-1.5143e-05,19.999,-0.042552
1481.3,-2.0249e-05,19.998,-0.055968
1481.8,-2.5268e-05,19.997,-0.070044
1482.3,-3.0286e-05,19.995,-0.08442
1482.8,-3.5305e-05,19.993,-0.098585
1483.3,-4.0324e-05,19.99,-0.11268
1483.8,-4.5343e-05,19.987,-0.12683
1484.3,-5.0361e-05,19.984,-0.141
1484.8,-5.538e-05,19.981,-0.15516
1485.3,-6.0399e-05,19.977,-0.16931
1485.8,-6.5417e-05,19.972,-0.18347
1486.3,-7.0436e-05,19.968,-0.19811
1486.9,-7.579e-05,19.962,-0.21323
1487.4,-8.1144e-05,19.956,-0.22834
1487.9,-8.6498e-05,19.95,-0.24347
1488.5,-9.1852e-05,19.944,-0.25859
1489,-9.7207e-05,19.937,-0.27372
1489.6,-0.00010256,19.929,-0.28886
1490.1,-0.00010791,19.921,-0.304
1490.7,-0.00011327,19.913,-0.31914
1491.2,-0.00011862,19.905,-0.33429
1491.7,-0.00012398,19.895,-0.3497
1492.3,-0.00012951,19.886,-0.36536
1492.9,-0.00013503,19.875,-0.38102
1493.4,-0.00014056,19.865,-0.39669
1494,-0.00014609,19.853,-0.41237
1494.5,-0.00015162,19.842,-0.42806
1495.1,-0.00015715,19.83,-0.44376
1495.6,-0.00016268,19.817,-0.45946
1496.2,-0.0001682,19.804,-0.47518
1496.8,-0.00017373,19.791,-0.4909
1497.3,-0.00017926,19.777,-0.50681
1497.9,-0.00018491,19.763,-0.52288
1498.5,-0.00019055,19.747,-0.53897
1499,-0.00019619,19.732,-0.55507
1499.6,-0.00020184,19.716,-0.57118
1500.2,-0.00020748,19.699,-0.5873
1500.7,-0.00021313,19.682,-0.60344
1501.3,-0.00021877,19.665,-0.61959
1501.9,-0.00022442,19.647,-0.63575
1502.4,-0.00023006,19.628,-0.65193
1503,-0.00023571,19.61,-0.6681
1503.6,-0.00024134,19.59,-0.68427
1504.2,-0.00024697,19.57,-0.70045
1504.7,-0.0002526,19.55,-0.71665
1505.3,-0.00025823,19.529,-0.73286
1505.9,-0.00026386,19.508,-0.74909
1506.4,-0.00026949,19.486,-0.76534
1507,-0.00027512,19.464,-0.7816
1507.6,-0.00028075,19.441,-0.79789
1508.1,-0.00028638,19.417,-0.81419
1508.7,-0.00029201,19.394,-0.83042
1509.3,-0.00029758,19.369,-0.84659
1509.8,-0.00030315,19.345,-0.86278
1510.4,-0.00030873,19.32,-0.87899
1511,-0.0003143,19.294,-0.89522
1511.5,-0.0002975,19.268,-0.91147
1512.1,-0.0002807,19.241,-0.92775
1512.6,-0.00026389,19.214,-0.94404
1513.2,-0.00024709,19.187,-0.96036
1513.8,-0.00023029,19.158,-0.9767
1514.3,-0.00021349,19.13,-0.99298
1514.9,-0.00019683,19.101,-1.0092
1515.5,-0.00018018,19.071,-1.0255
1516,-0.00016352,19.041,-1.0418
1516.6,-0.00014687,19.011,-1.0581
1517.1,-0.00013021,18.98,-1.0744
1517.7,-0.00011356,18.948,-1.0908
1518.2,-9.6902e-05,18.916,-1.1072
1518.8,-8.0247e-05,18.883,-1.1236
1519.4,-6.3592e-05,18.85,-1.1401
1519.9,-4.6937e-05,18.816,-1.1563
1520.5,-3.0622e-05,18.783,-1.1725
1521,-1.4307e-05,18.749,-1.1887
1521.6,2.0075e-06,18.714,-1.2049
1522.1,1.8322e-05,18.679,-1.2212
1522.6,3.4637e-05,18.643,-1.2375
1523.2,5.0952e-05,18.607,-1.2538
1523.7,6.7266e-05,18.57,-1.2701
1524.3,8.3581e-05,18.533,-1.2865
1524.8,9.9896e-05,18.495,-1.3029
1525.4,0.00011621,18.456,-1.3191
1525.9,0.00013219,18.418,-1.3352
1526.5,0.00014816,18.379,-1.3514
1527,0.00016413,18.34,-1.3676
1527.5,0.00018011,18.3,-1.3838
1528.1,0.00019608,18.259,-1.4001
1528.6,0.00021206,18.218,-1.4164
1529.1,0.00022803,18.177,-1.4327
1529.7,0.000244,18.135,-1.449
1530.2,0.00025998,18.092,-1.4654
1530.7,0.00027595,18.048,-1.4816
1531.3,0.00029152,18.006,-1.4977
1531.8,0.00030708,17.962,-1.5138
1532.3,0.00032264,17.918,-1.5299
1532.8,0.0003382,17.874,-1.546
1533.3,0.00035376,17.829,-1.5622
1533.9,0.00036933,17.783,-1.5785
1534.4,0.00038489,17.737,-1.5948
1534.9,0.00040045,17.69,-1.6111
1535.4,0.00041601,17.642,-1.6274
1535.9,0.00043158,17.594,-1.6436
1536.5,0.00044677,17.547,-1.6596
1537,0.00046196,17.499,-1.6757
1537.5,0.00047716,17.45,-1.6919
1538,0.00049235,17.401,-1.7081
1538.5,0.00050754,17.351,-1.7243
1539,0.00052273,17.3,-1.7406
1539.5,0.00053793,17.249,-1.7569
1540,0.00055312,17.197,-1.7732
1540.5,0.00056831,17.145,-1.7896
1541,0.00058351,17.091,-1.8069
1541.6,0.00059984,17.034,-1.8247
1542.1,0.00061617,16.975,-1.8425
1542.7,0.0006325,16.916,-1.8604
1543.2,0.00064883,16.855,-1.8783
1543.8,0.00066517,16.794,-1.8963
1544.3,0.0006815,16.733,-1.9144
1544.9,0.00069783,16.67,-1.9325
1545.4,0.00071416,16.607,-1.9507
1546,0.00073049,16.542,-1.9689
1546.5,0.00074682,16.477,-1.9861
1547,0.00076181,16.417,-2.003
1547.5,-0.00017062,16.355,-2.0199
1548,-0.0011031,16.293,-2.0369
1548.5,-0.0020355,16.231,-2.0539
1549,-0.0029679,16.167,-2.0711
1549.5,-0.0039004,16.103,-2.0882
1550,-0.0048328,16.038,-2.1055
1550.5,-0.0057652,15.972,-2.1228
1551,-0.0066977,15.905,-2.1401
1551.5,-0.0076301,15.837,-2.1578
1552,-0.0085785,15.768,-2.1756
1552.5,-0.009527,15.697,-2.1935
1553.1,-0.010475,15.626,-2.2115
1553.6,-0.011424,15.554,-2.2295
1554.1,-0.012372,15.481,-2.2476
1554.6,-0.013321,15.406,-2.2658
1555.1,-0.014269,15.331,-2.2841
1555.6,-0.015218,15.255,-2.3025
1556.1,-0.016166,15.178,-2.3209
1556.6,-0.017114,15.1,-2.3402
1557.2,-0.01811,15.017,-2.3597
1557.7,-0.019105,14.933,-2.3797
1558.2,-0.0201,14.847,-2.3994
1558.8,-0.021096,14.761,-2.4181
1559.3,-0.022091,14.673,-2.4391
1559.9,-0.023086,14.584,-2.4637
1560.4,-0.024081,14.493,-2.4777
1560.9,-0.025077,14.402,-2.4761
1561.5,-0.025221,14.309,-2.4737
1562,-0.025365,14.217,-2.4748
1562.5,-0.025504,14.127,-2.476
1563,-0.025642,14.037,-2.4762
1563.5,-0.025781,13.946,-2.4766
1564.1,-0.025919,13.855,-2.4772
1564.6,-0.026058,13.763,-2.4778
1565.1,-0.026197,13.67,-2.4783
1565.6,-0.026335,13.577,-2.4788
1566.1,-0.026474,13.483,-2.4794
1566.6,-0.026612,13.388,-2.4799
1567.1,-0.026751,13.292,-2.4809
1567.7,-0.026896,13.192,-2.4815
1568.2,-0.027042,13.09,-2.4821
1568.8,-0.027187,12.987,-2.4826
1569.3,-0.027333,12.884,-2.4832
1569.8,-0.027478,12.78,-2.4838
1570.4,-0.027624,12.675,-2.4844
1570.9,-0.027769,12.569,-2.4851
1571.5,-0.027915,12.462,-2.4854
1572,-0.02806,12.354,-2.4856
1572.6,-0.028206,12.245,-2.487
1573.1,-0.028345,12.14,-2.4886
1573.6,-0.028484,12.034,-2.4838
1574.1,-0.028624,11.927,-2.4817
1574.6,-0.028763,11.82,-2.5031
1575.1,-0.028902,11.71,-2.5094
1575.7,-0.029041,11.599,-2.4261
1576.2,-0.03144,11.491,-2.2919
1576.7,-0.03384,11.388,-2.176
1577.2,-0.036239,11.289,-2.0705
1577.7,-0.038638,11.194,-1.9577
1578.2,-0.041084,11.102,-1.8399
1578.8,-0.04353,11.015,-1.7226
1579.3,-0.045976,10.932,-1.6049
1579.8,-0.048422,10.855,-1.4858
1580.4,-0.050867,10.783,-1.3657
1580.9,-0.053313,10.716,-1.2447
1581.4,-0.055759,10.655,-1.123
1581.9,-0.058205,10.599,-1.0004
1582.5,-0.060651,10.549,-0.87712
1583,-0.063096,10.505,-0.75262
1583.5,-0.065561,10.467,-0.62701
1584.1,-0.068026,10.436,-0.50078
1584.6,-0.070491,10.41,-0.37407
1585.1,-0.072956,10.391,-0.24687
1585.7,-0.07542,10.378,-0.11932
1586.2,-0.071827,10.372,0.0085391
1586.7,-0.068233,10.373,0.1366
1587.2,-0.06464,10.38,0.2648
1587.8,-0.061046,10.393,0.39303
1588.3,-0.057453,10.413,0.52163
1588.8,-0.053839,10.44,0.65057
1589.4,-0.050224,10.473,0.77912
1589.9,-0.04661,10.513,0.90726
1590.4,-0.042996,10.559,1.0358
1591,-0.039381,10.612,1.1642
1591.5,-0.035767,10.67,1.2889
1592,-0.032152,10.735,1.413
1592.6,-0.028538,10.805,1.5499
1593.1,-0.024923,10.882,1.6797
1593.7,-0.021309,10.964,1.7539
1594.2,-0.017735,11.049,1.7952
1594.7,-0.014161,11.135,1.8485
1595.2,-0.010587,11.223,1.9084
1595.8,-0.0070132,11.312,1.964
1596.3,-0.0034393,11.404,2.0178
1596.8,0.00013453,11.498,2.0723
1597.4,0.00093823,11.593,2.1265
1597.9,0.0017419,11.69,2.1798
1598.4,0.0025456,11.788,2.2332
1598.9,0.0033493,11.888,2.2867
1599.5,0.0041535,11.99,2.3371
1600,0.0040039,12.093,2.3861
1600.5,0.0038544,12.198,2.4461
1601.1,0.0037048,12.304,2.5053
1601.6,0.0035553,12.411,2.5168
1602.1,0.0034057,12.518,2.4916
1602.6,0.0032562,12.624,2.4756
1603.2,0.0031066,12.727,2.4683
1603.7,0.0029571,12.83,2.4581
1604.2,0.0028076,12.931,2.4463
1604.7,0.0026612,13.029,2.4355
1605.3,0.0025148,13.126,2.4252
1605.8,0.0023684,13.221,2.4147
1606.3,0.002222,13.316,2.4042
1606.8,0.0020757,13.409,2.3939
1607.3,0.0019293,13.502,2.3836
1607.8,0.0017829,13.593,2.3734
1608.4,0.0016365,13.684,2.3633
1608.9,0.0014902,13.773,2.3532
1609.4,0.0013438,13.861,2.3427
1609.9,0.0011903,13.953,2.3323
1610.5,0.0010369,14.044,2.322
1611,0.0008834,14.133,2.3117
1611.6,0.00072993,14.222,2.3016
1612.1,0.00057647,14.31,2.2915
1612.7,0.000423,14.397,2.2814
1613.2,0.00026954,14.483,2.2715
1613.7,0.00011608,14.568,2.2616
1614.3,-3.7386e-05,14.652,2.2517
1614.8,-0.00019085,14.736,2.2426
1615.3,-0.00033465,14.813,2.2335
1615.8,-0.00047845,14.89,2.2244
1616.4,-0.00062225,14.966,2.2154
1616.9,-0.00076605,15.041,2.2064
1617.4,-0.00090985,15.115,2.1975
1617.9,-0.0010536,15.189,2.1886
1618.4,-0.0011974,15.263,2.1798
1618.9,-0.0013412,15.335,2.171
1619.4,-0.001485,15.407,2.1622
1619.9,-0.0016288,15.479,2.1532
1620.4,-0.0017775,15.552,2.1443
1621,-0.0019261,15.624,2.1354
1621.5,-0.0020747,15.696,2.1265
1622,-0.0022233,15.767,2.1177
1622.5,-0.0023719,15.838,2.1089
1623.1,-0.0025205,15.908,2.1002
1623.6,-0.0026691,15.977,2.0915
1624.1,-0.0028177,16.046,2.0828
1624.6,-0.0029663,16.114,2.0742
1625.2,-0.0031149,16.182,2.0654
1625.7,-0.0032667,16.25,2.0567
1626.2,-0.0034186,16.318,2.048
1626.8,-0.0031365,16.385,2.0394
1627.3,-0.0028544,16.452,2.0308
1627.8,-0.0025723,16.518,2.0222
1628.4,-0.0022903,16.584,2.0136
1628.9,-0.0020082,16.649,2.0051
1629.5,-0.0017261,16.714,1.9967
1630,-0.001444,16.778,1.9882
1630.5,-0.001162,16.842,1.9797
1631.1,-0.00087379,16.906,1.9711
1631.6,-0.00058561,16.97,1.9626
1632.2,-0.00029743,17.034,1.9541
1632.7,-9.2422e-06,17.097,1.9457
1633.3,0.00027894,17.159,1.9373
1633.8,0.00056713,17.221,1.9289
1634.4,0.00085531,17.282,1.9205
1634.9,0.0011435,17.343,1.9122
1635.5,0.0014317,17.404,1.9039
1636,0.0017199,17.464,1.8955
1636.6,0.0020145,17.525,1.8871
1637.1,0.0023091,17.585,1.8787
1637.7,0.0026038,17.645,1.8703
1638.3,0.0028984,17.704,1.862
1638.8,0.0031931,17.763,1.8536
1639.4,0.0034877,17.822,1.8454
1639.9,0.0037823,17.88,1.8375
1640.5,0.004077,17.937,1.8286
1641.1,0.0043716,17.995,1.8198
1641.6,0.0046663,18.051,1.8155
1642.1,0.0049318,18.102,1.8094
1642.6,0.0051973,18.153,1.7896
1643.1,0.0054628,18.202,1.7613
1643.6,0.0057283,18.251,1.7358
1644.1,0.0059938,18.299,1.7126
1644.7,0.0062593,18.347,1.6887
1645.2,0.0065248,18.393,1.6643
1645.7,0.0067903,18.439,1.6402
1646.2,0.0070558,18.484,1.6163
1646.7,0.0073213,18.528,1.5925
1647.2,0.0075857,18.571,1.5687
1647.7,0.0078501,18.614,1.545
1648.2,0.0081144,18.655,1.5213
1648.7,0.0083788,18.697,1.4977
1649.2,0.0086432,18.737,1.4742
1649.7,0.0089076,18.776,1.4507
1650.2,0.009172,18.815,1.4273
1650.7,0.0094364,18.853,1.4039
1651.2,0.0097008,18.891,1.3805
1651.7,0.0095238,18.928,1.3573
1652.2,0.0093475,18.964,1.3342
1652.7,0.0091712,18.999,1.311
1653.2,0.0089949,19.033,1.288
1653.7,0.0088186,19.067,1.265
1654.2,0.0086424,19.101,1.242
1654.7,0.0084661,19.133,1.2191
1655.2,0.0082898,19.165,1.1962
1655.7,0.0081135,19.196,1.1733
1656.2,0.0079372,19.227,1.1505
1656.7,0.0077609,19.257,1.1263
1657.3,0.0075631,19.29,1.1008
1657.8,0.0073653,19.322,1.0753
1658.4,0.0071675,19.353,1.0499
1659,0.0069697,19.384,1.0245
1659.5,0.0067718,19.414,0.9992
1660.1,0.006574,19.443,0.97392
1660.7,0.0063762,19.471,0.94867
1661.2,0.0061784,19.498,0.92347
1661.8,0.0059806,19.525,0.8983
1662.3,0.0057828,19.551,0.87319
1662.9,0.0055854,19.576,0.84814
1663.5,0.005388,19.6,0.82313
1664,0.0051906,19.624,0.79815
1664.6,0.0049932,19.646,0.7732
1665.1,0.0047958,19.668,0.74828
1665.7,0.0045984,19.69,0.72339
1666.3,0.0044009,19.71,0.69852
1666.8,0.0042035,19.73,0.67369
1667.4,0.0040061,19.75,0.64888
1668,0.0038087,19.768,0.62537
1668.5,0.0036311,19.784,0.60309
1669,0.0034534,19.799,0.58083
1669.5,0.0032758,19.814,0.55858
1670,0.0030982,19.828,0.53636
1670.5,0.0029205,19.842,0.51415
1671,0.0027429,19.855,0.49195
1671.5,0.0025652,19.868,0.46978
1672,0.0023876,19.88,0.44762
1672.5,0.00221,19.891,0.42547
1673,0.0020323,19.902,0.40323
1673.5,0.001853,19.912,0.3809
1674,0.0016736,19.922,0.35858
1674.5,0.0014943,19.931,0.33627
1675,0.0013149,19.94,0.31398
1675.6,0.0011356,19.948,0.29169
1676.1,0.00095622,19.955,0.26942
1676.6,0.00077687,19.962,0.24716
1677.1,0.00059752,19.968,0.2249
1677.6,0.00041818,19.974,0.20265
1678.1,0.00023883,19.979,0.18031
1678.6,5.7772e-05,19.984,0.15786
1679.1,-0.00012328,19.988,0.13543
1679.6,-0.00030434,19.991,0.11299
1680.2,-0.00048539,19.994,0.090568
1680.7,-0.00066645,19.997,0.068146
1681.2,-0.0008475,19.998,0.045728
1681.7,-0.00079301,20,0.023312
1682.2,-0.00073852,20,0.00089981
1682.7,-0.00068402,20,-0.021511
1683.3,-0.00062953,20,-0.043918
1683.8,-0.00057505,19.999,-0.066321
1684.3,-0.00052057,19.997,-0.088725
1684.8,-0.00046609,19.995,-0.11113
1685.3,-0.00041161,19.992,-0.13354
1685.8,-0.00035713,19.988,-0.15594
1686.3,-0.00030265,19.984,-0.17835
1686.9,-0.00024817,19.98,-0.20077
1687.4,-0.00019369,19.974,-0.22318
1687.9,-0.00013921,19.969,-0.24561
1688.4,-8.4728e-05,19.962,-0.26801
1688.9,-3.0379e-05,19.955,-0.29039
1689.4,2.3969e-05,19.948,-0.31277
1689.9,7.8317e-05,19.94,-0.33516
1690.5,0.00013267,19.931,-0.35756
1691,0.00018701,19.922,-0.37997
1691.5,0.00024136,19.912,-0.40239
1692,0.00029571,19.902,-0.42482
1692.5,0.00035006,19.891,-0.44726
1693,0.00040441,19.879,-0.4697
1693.5,0.00045876,19.867,-0.49215
1694,0.00051304,19.855,-0.5146
1694.6,0.00056733,19.841,-0.53706
1695.1,0.00062162,19.827,-0.55954
1695.6,0.00067591,19.813,-0.58203
1696.1,0.0007302,19.798,-0.60453
1696.6,0.00078449,19.782,-0.62705
1697.1,0.00083878,19.766,-0.64959
1697.6,0.00089307,19.749,-0.67214
1698.1,0.00094736,19.732,-0.69472
1698.7,0.0010016,19.714,-0.71725
1699.2,0.0010556,19.695,-0.73973
1699.7,0.0011096,19.676,-0.76224
1700.2,0.0011636,19.656,-0.78478
1700.7,0.0012177,19.636,-0.80733
1701.2,0.0012717,19.615,-0.8299
1701.7,0.0013257,19.593,-0.8525
1702.2,0.0013797,19.571,-0.87512
1702.7,0.0014337,19.548,-0.89776
1703.3,0.0014877,19.525,-0.92043
1703.8,0.0015417,19.501,-0.95096
1704.6,0.0016311,19.46,-0.98864
1705.4,0.0017204,19.417,-1.0264
1706.3,0.0018098,19.372,-1.0642
1707.1,0.0018992,19.326,-1.1021
1708,0.0019886,19.278,-1.1402
1708.8,0.002078,19.228,-1.1783
1709.7,0.0021674,19.176,-1.2165
1710.5,0.0022568,19.122,-1.2548
1711.4,0.0023462,19.067,-1.2548
