0,-5.8832e-05,20,0
0.51515,-5.8454e-05,20,0
1.0303,-5.8077e-05,20,0
1.5455,-5.77e-05,20,0
2.0606,-5.7323e-05,20,0
2.5758,-5.6945e-05,20,0
3.0909,-5.6568e-05,20,0
3.6061,-5.6191e-05,20,0
4.1212,-5.5814e-05,20,0
4.6364,-5.5437e-05,20,0
5.1515,-5.5059e-05,20,0
5.688,-5.4666e-05,20,0
6.2245,-5.4274e-05,20,0
6.761,-5.3881e-05,20,0
7.2975,-5.3488e-05,20,0
7.834,-5.3095e-05,20,0
8.3705,-5.2702e-05,20,0
8.907,-5.2309e-05,20,0
9.4435,-5.1916e-05,20,0
9.98,-5.1523e-05,20,0
10.517,-5.1131e-05,20,0
11.034,-5.0752e-05,20,0
11.551,-5.0373e-05,20,0
12.068,-4.9995e-05,20,0
12.585,-4.9616e-05,20,0
13.102,-4.9237e-05,20,0
13.619,-4.8859e-05,20,0
14.136,-4.848e-05,20,0
14.653,-4.8102e-05,20,0
15.17,-4.7723e-05,20,0
15.687,-4.7344e-05,20,0
16.201,-4.6968e-05,20,0
16.716,-4.6591e-05,20,0
17.23,-4.6214e-05,20,0
17.745,-4.5837e-05,20,0
18.259,-4.546e-05,20,0
18.774,-4.5084e-05,20,0
19.289,-4.4707e-05,20,0
19.803,-4.433e-05,20,0
20.318,-4.3953e-05,20,0
20.832,-4.3576e-05,20,0
21.354,-4.3194e-05,20,0
21.876,-4.2812e-05,20,0
22.397,-4.243e-05,20,0
22.919,-4.2048e-05,20,0
23.44,-4.1666e-05,20,0
23.962,-4.1284e-05,20,0
24.484,-4.0902e-05,20,0
25.005,-4.052e-05,20,0
25.527,-4.0138e-05,20,0
26.049,-3.9756e-05,20,0
26.568,-3.9376e-05,20,0
27.088,-3.8995e-05,20,0
27.608,-3.8614e-05,20,0
28.128,-3.8234e-05,20,0
28.648,-3.7853e-05,20,0
29.168,-3.7472e-05,20,0
29.688,-3.7092e-05,20,0
30.207,-3.6711e-05,20,0
30.727,-2.8182e-05,20,0
31.247,-1.9653e-05,20,0
31.769,-1.1093e-05,20,0
32.29,-2.5326e-06,20,0
32.812,6.0275e-06,20,0
33.334,1.4588e-05,20,0
33.856,2.3148e-05,20,0
34.377,3.1708e-05,20,0
34.899,4.0268e-05,20,0
35.421,4.8828e-05,20,0
35.942,5.7388e-05,20,0
36.464,6.5948e-05,20,0
36.97,7.425e-05,20,0
37.476,8.2551e-05,20,0
37.982,9.0853e-05,20,0
38.488,9.9155e-05,20,0
38.994,0.00010746,20,0
39.5,0.00011576,20,0
40.006,0.00012406,20,0
40.512,0.00013236,20,0
41.018,0.00014066,20,0
41.524,0.00014897,20,0
42.037,0.00015739,20,0
42.551,0.00016581,20,0
43.064,0.00017424,20,0
43.577,0.00018266,20,0
44.091,0.00019108,20,0
44.604,0.00019951,20,0
45.118,0.00020793,20,0
45.631,0.00021636,20,0
46.145,0.00022478,20,0
46.658,0.0002332,20,0
47.189,0.00024192,20,0
47.72,0.00025063,20,0
48.251,0.00025934,20,0
48.782,0.00026805,20,0
49.313,0.00027676,20,0
49.844,0.00028548,20,0
50.375,0.00029419,20,0
50.906,0.0003029,20,0
51.437,0.00031161,20,0
51.968,0.00032033,20,0
52.473,0.00032861,20,0
52.978,0.0003369,20,0
53.483,0.00034519,20,0
53.988,0.00035348,20,0
54.494,0.00036177,20,0
54.999,0.00037006,20,0
55.504,0.00037834,20,0
56.009,0.00038663,20,0
56.514,0.00039492,20,0
57.019,0.00040321,20,0
57.532,0.00041163,20,0
58.046,0.00042005,20,0
58.559,0.00042846,20,0
59.072,0.00043688,20,0
59.585,0.0004453,20,0
60.098,0.00045372,20,0
60.611,0.00046214,20,0
61.124,0.00047056,20,0
61.637,0.00047897,20,0
62.15,0.00048739,20,0
62.665,0.00049584,20,0
63.18,0.00050429,20,0
63.694,0.00051273,20,0
64.209,0.00052118,20,0
64.724,0.00052962,20,0
65.239,0.00053807,20,0
65.754,0.00054652,20,0
66.268,0.00055496,20,0
66.783,0.00056341,20,0
67.298,0.00057185,20,0
67.837,0.0005807,20,1.3185e-13
68.376,0.00055592,20,0
68.915,0.00053113,20,-7.911e-13
69.453,0.00050635,20,6.5925e-13
69.992,0.00048157,20,2.7689e-12
70.531,0.00045679,20,-4.0874e-12
71.07,0.00043201,20,-9.493e-12
71.609,0.00040723,20,2.2151e-11
72.148,0.00038245,20,2.8084e-11
72.687,0.00035767,20,-1.0684e-10
73.228,0.0003328,20,-6.3211e-11
73.768,0.00030794,20,4.7901e-10
74.309,0.00028308,20,2.7072e-11
74.85,0.00025822,20,-1.9983e-09
75.39,0.00023335,20,8.7156e-10
75.931,0.00020849,20,7.7769e-09
76.472,0.00018363,20,-7.6051e-09
77.012,0.00015877,20,-2.7954e-08
77.553,0.0001339,20,4.6835e-08
78.094,0.00010904,20,9.1393e-08
78.629,8.4411e-05,20,-2.3901e-07
79.165,5.9781e-05,20,-2.6598e-07
79.701,3.5151e-05,20,1.111e-06
80.236,1.0522e-05,20,6.0494e-07
80.772,-1.4108e-05,20,-4.8471e-06
81.307,-3.8737e-05,20,-4.0965e-07
81.843,-6.3367e-05,20,2.0017e-05
82.379,-8.7997e-05,20,-6.865e-06
82.914,-0.00011263,20,-7.8387e-05
83.45,-0.00013726,20,5.2298e-05
83.954,-0.00016043,20,0.00029904
84.458,-0.00018359,20,-0.00021076
84.961,-0.00020676,20,-0.001116
85.465,-0.00022993,20,0.00084564
85.969,-0.0002531,20,0.0041618
86.473,-0.00027627,20,-0.0033796
86.977,-0.00029944,20,-0.022784
87.481,-0.0003226,19.999,-0.041812
87.984,-0.00034577,19.998,-0.057695
88.488,-0.00036894,19.997,-0.073799
88.997,-0.00039233,19.995,-0.090818
89.505,-0.00041572,19.993,-0.10778
90.014,-0.00043911,19.99,-0.12453
90.523,-0.0004625,19.987,-0.1413
91.031,-0.00048588,19.983,-0.15813
91.54,-0.00050927,19.979,-0.17495
92.049,-0.00053266,19.975,-0.19176
92.557,-0.00055605,19.97,-0.20858
93.066,-0.00057944,19.965,-0.2254
93.574,-0.00060283,19.959,-0.24292
94.125,-0.00062812,19.952,-0.26112
94.675,-0.00065342,19.945,-0.27933
95.225,-0.00067871,19.937,-0.29754
95.775,-0.00070401,19.929,-0.31576
96.325,-0.00072931,19.92,-0.33399
96.875,-0.0007546,19.911,-0.35222
97.425,-0.0007799,19.901,-0.37047
97.975,-0.00080519,19.891,-0.38872
98.525,-0.00083049,19.88,-0.40698
99.075,-0.00085578,19.869,-0.42528
99.628,-0.00088118,19.857,-0.44364
100.18,-0.00090659,19.845,-0.462
100.73,-0.00093199,19.832,-0.48038
101.28,-0.00095739,19.819,-0.49876
101.84,-0.00098279,19.805,-0.51716
102.39,-0.0010082,19.79,-0.53557
102.94,-0.0010336,19.775,-0.55399
103.49,-0.001059,19.76,-0.57243
104.05,-0.0010844,19.744,-0.59088
104.6,-0.0011098,19.727,-0.60853
105.1,-0.0010638,19.712,-0.62544
105.61,-0.0010177,19.696,-0.64235
106.12,-0.00097167,19.679,-0.65928
106.62,-0.00092563,19.662,-0.67623
107.13,-0.00087959,19.645,-0.69319
107.63,-0.00083354,19.627,-0.71016
108.14,-0.0007875,19.609,-0.72714
108.64,-0.00074146,19.59,-0.74414
109.15,-0.00069541,19.571,-0.76116
109.65,-0.00064937,19.551,-0.77837
110.17,-0.00060239,19.531,-0.79577
110.69,-0.00055542,19.51,-0.81318
111.2,-0.00050844,19.488,-0.83061
111.72,-0.00046147,19.466,-0.84806
112.23,-0.00041449,19.444,-0.86552
112.75,-0.00036751,19.421,-0.88301
113.26,-0.00032054,19.397,-0.90052
113.78,-0.00027356,19.373,-0.91804
114.29,-0.00022659,19.349,-0.93559
114.81,-0.00017961,19.324,-0.95331
115.33,-0.00013186,19.298,-0.97119
115.86,-8.4107e-05,19.272,-0.9891
116.38,-3.6355e-05,19.245,-1.007
116.91,1.1396e-05,19.217,-1.025
117.43,5.9147e-05,19.19,-1.043
117.96,0.0001069,19.161,-1.061
118.48,0.00015465,19.132,-1.079
119,0.0002024,19.102,-1.097
119.53,0.00025015,19.072,-1.1151
120.05,0.0002979,19.042,-1.1341
120.62,0.00034966,19.008,-1.1537
121.19,0.00040141,18.973,-1.1734
121.76,0.00045317,18.938,-1.1931
122.32,0.00050492,18.902,-1.2129
122.89,0.00055668,18.866,-1.2327
123.46,0.00060843,18.829,-1.2525
124.03,0.00066019,18.791,-1.2724
124.6,0.00071194,18.753,-1.2923
125.17,0.0007637,18.713,-1.3123
125.73,0.00081545,18.674,-1.3318
126.28,0.0008651,18.635,-1.351
126.82,0.00091474,18.595,-1.3703
127.37,0.00096439,18.555,-1.3896
127.91,0.001014,18.514,-1.4089
128.46,0.0010637,18.473,-1.4283
129,0.0011133,18.431,-1.4477
129.55,0.001163,18.388,-1.4672
130.09,0.0012126,18.344,-1.4867
130.64,0.0012623,18.3,-1.5062
131.18,0.0013119,18.255,-1.5264
131.76,0.0013641,18.207,-1.5471
132.33,0.0014164,18.159,-1.5678
132.9,0.0014686,18.109,-1.5885
133.48,0.0015208,18.059,-1.6094
134.05,0.001573,18.008,-1.6302
134.62,0.0016252,17.956,-1.6512
135.2,0.0016774,17.903,-1.6722
135.77,0.0017297,17.85,-1.6932
136.34,0.0017819,17.795,-1.7143
136.92,0.0018341,17.74,-1.7349
137.46,0.0018838,17.687,-1.7551
138.01,0.0019335,17.633,-1.7754
138.55,0.0019833,17.578,-1.7957
139.1,0.002033,17.522,-1.8161
139.65,0.0020827,17.465,-1.8366
140.19,0.0021324,17.408,-1.8571
140.74,0.0021822,17.35,-1.8777
141.28,0.0022319,17.291,-1.8983
141.83,0.0022816,17.231,-1.9191
142.37,0.0023313,17.17,-1.9393
142.9,0.0016503,17.11,-1.9594
143.42,0.00096924,17.05,-1.9795
143.95,0.00028819,16.989,-1.9997
144.48,-0.00039286,16.928,-2.02
145,-0.0010739,16.865,-2.0403
145.53,-0.001755,16.801,-2.0607
146.05,-0.002436,16.737,-2.0812
146.58,-0.0031171,16.672,-2.1018
147.1,-0.0037981,16.605,-2.1224
147.63,-0.0049983,16.538,-2.1425
148.13,-0.0061494,16.473,-2.1625
148.63,-0.0073004,16.407,-2.1825
149.14,-0.0084514,16.34,-2.2025
149.64,-0.0096025,16.272,-2.2227
150.14,-0.010754,16.203,-2.243
150.65,-0.011905,16.134,-2.2632
151.15,-0.013056,16.063,-2.2836
151.66,-0.014207,15.991,-2.3044
152.16,-0.015358,15.919,-2.325
152.66,-0.016509,15.845,-2.3452
153.18,-0.017698,15.768,-2.3667
153.7,-0.018886,15.69,-2.3922
154.22,-0.020075,15.611,-2.4128
154.74,-0.021264,15.53,-2.4179
155.26,-0.022453,15.449,-2.4172
155.78,-0.023642,15.368,-2.4204
156.3,-0.024831,15.286,-2.4247
156.82,-0.02602,15.204,-2.4281
157.34,-0.027208,15.12,-2.4312
157.86,-0.028397,15.037,-2.4348
158.39,-0.029603,14.951,-2.4383
158.92,-0.030808,14.865,-2.4418
159.45,-0.032013,14.779,-2.4452
159.97,-0.033219,14.692,-2.4488
160.5,-0.034424,14.604,-2.4523
161.03,-0.03563,14.515,-2.4559
161.56,-0.036835,14.426,-2.4595
162.08,-0.03804,14.336,-2.4631
162.61,-0.039246,14.245,-2.4665
163.14,-0.035988,14.154,-2.4698
163.65,-0.032814,14.064,-2.4741
164.17,-0.029641,13.974,-2.4777
164.68,-0.026467,13.883,-2.4787
165.19,-0.023293,13.791,-2.4825
165.71,-0.020119,13.698,-2.4962
166.22,-0.016945,13.605,-2.4973
166.74,-0.013771,13.51,-2.4604
167.25,-0.010597,13.417,-2.4084
167.76,-0.0074228,13.325,-2.3653
168.28,-0.0042489,13.233,-2.3253
168.79,-0.0010852,13.143,-2.2823
169.3,0.0020785,13.054,-2.2388
169.81,0.0052423,12.967,-2.1964
170.33,0.008406,12.88,-2.152
170.84,0.01157,12.794,-2.1045
171.35,0.014733,12.71,-2.0641
171.86,0.017897,12.627,-2.0324
172.38,0.021061,12.544,-1.9713
172.89,0.024224,12.464,-1.8657
173.4,0.027388,12.387,-1.7547
173.91,0.030533,12.315,-1.6545
174.42,0.033678,12.247,-1.5548
174.93,0.036823,12.182,-1.4517
175.44,0.039968,12.121,-1.3469
175.95,0.043113,12.065,-1.2417
176.46,0.046257,12.012,-1.1398
176.97,0.049402,11.964,-1.039
177.47,0.052547,11.92,-0.92323
177.98,0.055692,11.88,-0.80167
178.49,0.055637,11.846,-0.73497
179,0.055582,11.814,-0.72402
179.51,0.055527,11.783,-0.70882
180.02,0.055472,11.753,-0.6791
180.53,0.055417,11.723,-0.65081
181.03,0.055362,11.695,-0.62618
181.54,0.055307,11.668,-0.601
182.05,0.055252,11.642,-0.57478
182.56,0.055197,11.617,-0.54866
183.07,0.055142,11.593,-0.52273
183.58,0.055087,11.57,-0.4964
184.1,0.055031,11.547,-0.46963
184.62,0.054975,11.526,-0.44282
185.14,0.054918,11.506,-0.41597
185.66,0.054862,11.487,-0.38906
186.18,0.054806,11.47,-0.3621
186.7,0.05475,11.453,-0.3351
187.22,0.054693,11.438,-0.30805
187.74,0.054637,11.424,-0.28096
188.26,0.054581,11.411,-0.25383
188.78,0.054525,11.4,-0.2265
189.31,0.054468,11.389,-0.19897
189.83,0.054411,11.38,-0.1714
190.36,0.054354,11.372,-0.14381
190.89,0.054297,11.365,-0.11619
191.41,0.05424,11.36,-0.088554
191.94,0.054183,11.356,-0.060896
192.47,0.054126,11.353,-0.033222
192.99,0.054069,11.352,-0.0055337
193.52,0.054012,11.351,0.022151
194.05,0.053955,11.352,0.049498
194.56,0.0539,11.355,0.076545
195.08,0.053844,11.358,0.10358
195.59,0.053789,11.363,0.13045
196.1,0.053733,11.369,0.15738
196.62,0.053678,11.376,0.18494
197.13,0.053622,11.384,0.21212
197.64,0.053566,11.394,0.23683
198.16,0.053511,11.404,0.26341
198.67,0.053455,11.416,0.29921
199.18,0.0534,11.43,0.32602
199.71,0.053343,11.445,0.31619
200.23,0.053522,11.459,0.28931
200.75,0.053701,11.472,0.27135
201.27,0.05388,11.484,0.25716
201.79,0.054058,11.496,0.24048
202.31,0.054237,11.507,0.22305
202.84,0.054416,11.517,0.20632
203.36,0.054595,11.527,0.18975
203.88,0.054773,11.535,0.17302
204.4,0.054952,11.543,0.1563
204.92,0.05513,11.55,0.13966
205.44,0.055308,11.556,0.12303
205.96,0.055487,11.562,0.10641
206.48,0.055665,11.567,0.089795
207,0.055843,11.571,0.073193
207.52,0.056022,11.574,0.056598
208.04,0.0562,11.576,0.040009
208.57,0.056378,11.578,0.023425
209.09,0.056556,11.579,0.0068459
209.61,0.056735,11.58,-0.0094411
210.11,0.056907,11.579,-0.025437
210.61,0.057079,11.578,-0.041432
211.11,0.057251,11.576,-0.057426
211.62,0.057423,11.574,-0.07342
212.12,0.057595,11.571,-0.089416
212.62,0.057767,11.567,-0.10542
213.12,0.057939,11.562,-0.12143
213.62,0.058111,11.557,-0.13742
214.13,0.058283,11.551,-0.15342
214.63,0.058455,11.544,-0.16963
215.14,0.05863,11.537,-0.18591
215.65,0.058804,11.529,-0.2019
216.16,0.058979,11.52,-0.21814
216.67,0.059153,11.51,-0.23546
217.18,0.059328,11.5,-0.2518
217.69,0.059502,11.488,-0.26414
218.2,0.059677,11.477,-0.28077
218.7,0.059851,11.464,-0.31229
219.21,0.060026,11.45,-0.32573
219.72,0.0602,11.436,-0.28117
220.23,0.059888,11.423,-0.21156
220.74,0.059576,11.414,-0.15573
221.24,0.059263,11.407,-0.10614
221.75,0.058951,11.402,-0.052738
222.25,0.058639,11.4,0.0023013
222.76,0.058326,11.4,0.056358
223.27,0.058014,11.403,0.11004
223.77,0.057702,11.408,0.164
224.28,0.057389,11.415,0.21807
224.78,0.057077,11.425,0.27361
225.32,0.056747,11.437,0.33067
225.86,0.056416,11.453,0.38771
226.39,0.056086,11.471,0.4447
226.93,0.055755,11.492,0.50162
227.46,0.055425,11.515,0.55845
228,0.055094,11.541,0.6152
228.53,0.054764,11.57,0.67183
229.07,0.054434,11.601,0.72835
229.6,0.054103,11.634,0.78473
230.14,0.053773,11.67,0.84098
230.67,0.053442,11.709,0.89708
231.21,0.053112,11.75,0.95302
231.75,0.052781,11.794,1.0088
232.28,0.05245,11.839,1.0643
232.82,0.05212,11.888,1.1197
233.35,0.051789,11.938,1.1749
233.89,0.051459,11.991,1.2298
234.42,0.051128,12.046,1.2845
234.96,0.050797,12.103,1.339
235.5,0.050467,12.162,1.3928
236.02,0.050142,12.222,1.4458
236.55,0.049817,12.285,1.4986
237.07,0.049492,12.349,1.5511
237.6,0.049168,12.415,1.6034
238.13,0.048843,12.483,1.6553
238.65,0.048518,12.553,1.707
239.18,0.048193,12.624,1.7585
239.71,0.047868,12.698,1.8096
240.23,0.047544,12.773,1.8604
240.76,0.047219,12.849,1.9104
241.27,0.046904,12.925,1.959
241.78,0.04659,13.002,2.0074
242.29,0.045098,13.081,2.0556
242.8,0.043606,13.161,2.1034
243.31,0.042114,13.242,2.1508
243.82,0.040622,13.325,2.1978
244.33,0.03913,13.409,2.2449
244.84,0.037638,13.495,2.2923
245.35,0.036146,13.581,2.3378
245.86,0.032761,13.669,2.3816
246.39,0.029214,13.762,2.4337
246.92,0.025667,13.857,2.492
247.46,0.02212,13.953,2.5173
247.99,0.018572,14.049,2.5038
248.53,0.015025,14.144,2.4925
249.06,0.011478,14.238,2.4906
249.59,0.0079304,14.332,2.4872
250.13,0.0043831,14.424,2.4817
250.66,0.00083585,14.516,2.4768
251.2,-0.0027114,14.607,2.4729
251.7,-0.0060658,14.693,2.4686
252.21,-0.0094202,14.778,2.4642
252.71,-0.012775,14.862,2.4598
253.22,-0.016129,14.946,2.4556
253.72,-0.019483,15.029,2.4516
254.23,-0.022838,15.111,2.4472
254.73,-0.026192,15.193,2.442
255.24,-0.029547,15.274,2.4382
255.74,-0.032901,15.355,2.4379
256.25,-0.032114,15.435,2.4315
256.78,-0.031286,15.519,2.4099
257.31,-0.030457,15.601,2.3834
257.84,-0.029629,15.682,2.3611
258.38,-0.028801,15.763,2.3398
258.91,-0.027972,15.842,2.3175
259.44,-0.027144,15.919,2.2952
259.97,-0.026315,15.996,2.2733
260.5,-0.025487,16.072,2.2515
261.04,-0.024658,16.146,2.2298
261.57,-0.02383,16.22,2.2083
262.09,-0.02301,16.291,2.187
262.62,-0.02219,16.362,2.1658
263.15,-0.02137,16.432,2.1447
263.67,-0.02055,16.5,2.1237
264.2,-0.01973,16.568,2.1028
264.73,-0.01891,16.635,2.082
265.25,-0.01809,16.701,2.0612
265.78,-0.017269,16.766,2.0407
266.31,-0.016449,16.83,2.0202
266.83,-0.015629,16.893,2.0005
267.34,-0.014846,16.953,1.9811
267.84,-0.014062,17.012,1.9617
268.34,-0.013278,17.07,1.9424
268.85,-0.012494,17.127,1.9232
269.35,-0.01171,17.184,1.9041
269.85,-0.010926,17.239,1.885
270.36,-0.010142,17.294,1.866
270.86,-0.0093586,17.349,1.8471
271.36,-0.0085747,17.402,1.8282
271.87,-0.0077909,17.455,1.8086
272.4,-0.0069561,17.511,1.7886
272.94,-0.0061213,17.565,1.7687
273.47,-0.0052865,17.619,1.7488
274.01,-0.0044518,17.673,1.729
274.55,-0.003617,17.725,1.7093
275.08,-0.0027822,17.777,1.6897
275.62,-0.0019474,17.828,1.67
276.15,-0.0011127,17.878,1.6505
276.69,-0.00027787,17.927,1.631
277.23,0.0005569,17.976,1.6118
277.75,0.0013785,18.023,1.5927
278.28,0.0013564,18.07,1.5737
278.81,0.0013343,18.116,1.5547
279.34,0.0013122,18.161,1.5358
279.86,0.0012902,18.206,1.5169
280.39,0.0012681,18.25,1.4981
280.92,0.001246,18.293,1.4793
281.45,0.0012239,18.336,1.4605
281.97,0.0012018,18.378,1.4419
282.5,0.0011798,18.419,1.4236
283.01,0.0011585,18.458,1.4057
283.52,0.0011373,18.497,1.3878
284.03,0.001116,18.535,1.37
284.53,0.0010947,18.573,1.3522
285.04,0.0010735,18.61,1.3344
285.55,0.0010522,18.646,1.3167
286.06,0.001031,18.682,1.299
286.57,0.0010097,18.717,1.2814
287.07,0.00098845,18.752,1.2638
287.58,0.0009672,18.786,1.2457
288.11,0.00094491,18.822,1.2273
288.65,0.00092263,18.856,1.2089
289.18,0.00090035,18.891,1.1906
289.71,0.00087807,18.924,1.1723
290.24,0.00085579,18.957,1.1541
290.78,0.0008335,18.989,1.1359
291.31,0.00081122,19.021,1.1177
291.84,0.00078894,19.053,1.0995
292.37,0.00076666,19.083,1.0814
292.91,0.00074438,19.113,1.063
293.45,0.00072151,19.144,1.0445
294,0.00069863,19.174,1.026
294.54,0.00067576,19.203,1.0075
295.09,0.00065289,19.232,0.98902
295.64,0.00063002,19.26,0.97059
296.18,0.00060715,19.287,0.95219
296.73,0.00058427,19.314,0.93382
297.28,0.0005614,19.341,0.91547
297.82,0.00053853,19.367,0.89715
298.37,0.00051566,19.392,0.87874
298.92,0.00049252,19.417,0.86026
299.48,0.00046937,19.441,0.8418
300.03,0.00044623,19.465,0.82337
300.58,0.00042309,19.489,0.80495
301.13,0.00039995,19.512,0.78656
301.69,0.00037681,19.534,0.7682
302.24,0.00035367,19.556,0.74985
302.79,0.00033053,19.577,0.73153
303.35,0.00030738,19.597,0.71323
303.9,0.00028424,19.618,0.69578
304.4,0.00026315,19.635,0.67914
304.91,0.00024206,19.653,0.6625
305.41,0.00022096,19.67,0.64588
305.92,0.00019987,19.686,0.62928
306.42,0.00017878,19.703,0.61269
306.92,0.00015769,19.718,0.59612
307.43,0.00013659,19.733,0.57956
307.93,0.0001155,19.748,0.56301
308.44,9.4409e-05,19.763,0.54648
308.94,7.3317e-05,19.777,0.52992
309.45,5.2113e-05,19.79,0.51332
309.95,3.091e-05,19.803,0.49674
310.46,9.7074e-06,19.816,0.48017
310.97,-1.1496e-05,19.828,0.46361
311.47,-3.2699e-05,19.84,0.44706
311.98,-5.3902e-05,19.852,0.43053
312.49,-7.5105e-05,19.863,0.414
312.99,-9.6308e-05,19.873,0.39748
313.5,-0.00011751,19.883,0.38097
314.01,-0.00013871,19.893,0.36438
314.52,-0.00016016,19.902,0.3477
315.03,-0.00018161,19.911,0.33102
315.54,-0.00020306,19.92,0.31436
316.06,-0.0002245,19.928,0.2977
316.57,-0.00024595,19.936,0.28106
317.08,-0.0002674,19.943,0.26441
317.59,-0.00028885,19.95,0.24778
318.11,-0.000286,19.956,0.23115
318.62,-0.00028316,19.962,0.21453
319.13,-0.00028031,19.967,0.19781
319.65,-0.00027743,19.972,0.18101
320.17,-0.00027455,19.977,0.16422
320.69,-0.00027167,19.981,0.1474
321.2,-0.00026879,19.985,0.13062
321.72,-0.00026591,19.989,0.1139
322.24,-0.00026303,19.992,0.09709
322.76,-0.00026015,19.994,0.080039
323.28,-0.00025728,19.996,0.063424
323.8,-0.0002544,19.998,0.047679
324.31,-0.00025152,19.999,0.029873
324.84,-0.00024859,20,0.0089491
325.37,-0.00024566,20,-0.0033443
325.9,-0.00024273,20,-0.0018572
326.42,-0.0002398,20,0.0010014
326.95,-0.00023687,20,0.00037097
327.48,-0.00023394,20,-0.00028443
328.01,-0.00023101,20,-6.7311e-05
328.53,-0.00022808,20,7.7383e-05
329.06,-0.00022515,20,1.026e-05
329.59,-0.00022222,20,-2.0301e-05
330.12,-0.00021929,20,-8.8303e-07
330.64,-0.00021636,20,5.1526e-06
331.17,-0.00021343,20,-2.014e-07
331.7,-0.0002105,20,-1.2662e-06
332.23,-0.00020757,20,1.5415e-07
332.76,-0.00020463,20,3.0086e-07
333.28,-0.0002017,20,-6.3552e-08
333.81,-0.00019877,20,-6.8854e-08
334.34,-0.00019584,20,2.1757e-08
334.87,-0.00019291,20,1.4564e-08
335.41,-0.00018988,20,-7.0063e-09
335.96,-0.00018686,20,-2.4399e-09
336.5,-0.00018383,20,2.0306e-09
337.05,-0.0001808,20,2.9974e-10
337.59,-0.00017778,20,-5.3012e-10
338.14,-0.00017475,20,-1.8253e-12
338.68,-0.00017172,20,1.2686e-10
339.23,-0.00016869,20,-1.6037e-11
339.77,-0.00016567,20,-2.7901e-11
340.32,-0.00016264,20,7.5122e-12
340.86,-0.00015965,20,5.7989e-12
341.4,-0.00015665,20,-2.6359e-12
341.93,-0.00015366,20,-1.0543e-12
342.47,-0.00015066,20,7.9076e-13
343.01,-0.00014767,20,1.3179e-13
343.55,-0.00014467,20,-1.3179e-13
344.09,-0.00014168,20,0
344.63,-0.00013869,20,0
345.17,-0.00013569,20,0
345.71,-0.0001327,20,0
346.24,-0.00012973,20,0
346.78,-0.00012676,20,0
347.31,-0.00012379,20,0
347.85,-0.00012082,20,0
348.38,-0.00011786,20,0
348.91,-0.00011489,20,0
349.45,-0.00011192,20,0
349.98,-0.00010895,20,0
350.52,-0.00010741,20,0
351.05,-0.00010588,20,0
351.58,-0.00010437,20,0
352.1,-0.00010285,20,0
352.63,-0.00010134,20,0
353.15,-9.9831e-05,20,0
353.68,-9.832e-05,20,0
354.2,-9.6808e-05,20,0
354.73,-9.5297e-05,20,0
355.25,-9.3785e-05,20,0
355.78,-9.2274e-05,20,0
356.31,-9.0763e-05,20,0
356.88,-8.9101e-05,20,0
357.46,-8.744e-05,20,0
358.04,-8.5779e-05,20,0
358.61,-8.4118e-05,20,0
359.19,-8.2457e-05,20,0
359.77,-8.0796e-05,20,0
360.35,-7.9135e-05,20,0
360.92,-7.7474e-05,20,0
361.5,-7.5813e-05,20,0
362.08,-7.4152e-05,20,0
362.6,-7.2656e-05,20,0
363.12,-7.116e-05,20,0
363.64,-6.9664e-05,20,0
364.16,-6.8168e-05,20,0
364.68,-6.6673e-05,20,0
365.2,-6.5177e-05,20,0
365.72,-6.3681e-05,20,0
366.24,-6.2185e-05,20,0
366.76,-6.0689e-05,20,0
367.28,-5.9193e-05,20,0
367.82,-5.764e-05,20,0
368.36,-5.6087e-05,20,0
368.9,-5.4534e-05,20,0
369.43,-5.2981e-05,20,0
369.97,-5.1428e-05,20,0
370.51,-4.9875e-05,20,0
371.05,-4.8322e-05,20,0
371.59,-4.6769e-05,20,0
372.13,-4.5216e-05,20,0
372.67,-4.3663e-05,20,0
373.19,-4.2176e-05,20,0
373.71,-4.0689e-05,20,0
374.22,-3.9202e-05,20,0
374.74,-3.7715e-05,20,0
375.26,-3.6229e-05,20,0
375.77,-3.4742e-05,20,0
376.29,-3.3255e-05,20,0
376.81,-3.1768e-05,20,0
377.32,-3.0281e-05,20,0
377.84,-2.8794e-05,20,0
378.38,-2.7235e-05,20,0
378.92,-2.5677e-05,20,0
379.47,-2.4118e-05,20,0
380.01,-2.256e-05,20,0
380.55,-2.1001e-05,20,0
381.09,-1.9443e-05,20,0
381.63,-1.7884e-05,20,0
382.17,-1.6326e-05,20,0
382.72,-1.4767e-05,20,0
383.26,-1.3209e-05,20,0
383.77,-7.0773e-06,20,0
384.29,-9.4605e-07,20,0
384.81,5.1852e-06,20,0
385.32,1.1316e-05,20,0
385.84,1.7448e-05,20,0
386.35,2.3579e-05,20,0
386.87,2.971e-05,20,0
387.39,3.5841e-05,20,0
387.9,4.1973e-05,20,0
388.42,4.8104e-05,20,0
388.96,5.4494e-05,20,0
389.5,6.0884e-05,20,0
390.03,6.7275e-05,20,0
390.57,7.3665e-05,20,0
391.11,8.0055e-05,20,0
391.65,8.6445e-05,20,0
392.19,9.2836e-05,20,0
392.72,9.9226e-05,20,0
393.26,0.00010562,20,0
393.8,0.00011201,20,0
394.3,0.00011797,20,0
394.8,0.00012394,20,0
395.31,0.00012991,20,0
395.81,0.00013588,20,0
396.31,0.00014184,20,0
396.81,0.00014781,20,0
397.32,0.00015378,20,0
397.82,0.00015975,20,0
398.32,0.00016571,20,0
398.82,0.00017168,20,0
399.34,0.00017784,20,0
399.86,0.000184,20,0
400.38,0.00019016,20,0
400.9,0.00019632,20,0
401.42,0.00020249,20,0
401.94,0.00020865,20,0
402.45,0.00021481,20,0
402.97,0.00022097,20,0
403.49,0.00022713,20,0
404.01,0.00023329,20,0
404.54,0.00023963,20,0
405.08,0.00024597,20,0
405.61,0.00025231,20,0
406.15,0.00025866,20,0
406.68,0.000265,20,0
407.21,0.00027134,20,0
407.75,0.00027768,20,0
408.28,0.00028402,20,0
408.82,0.00029037,20,0
409.35,0.00029671,20,0
409.9,0.00030324,20,0
410.45,0.00030976,20,0
411,0.00031629,20,0
411.55,0.00032281,20,0
412.1,0.00032934,20,0
412.65,0.00033587,20,0
413.2,0.00034239,20,0
413.75,0.00034892,20,0
414.3,0.00035545,20,0
414.85,0.00036197,20,0
415.35,0.00035277,20,0
415.85,0.00034357,20,0
416.35,0.00033437,20,0
416.85,0.00032517,20,0
417.35,0.00031597,20,0
417.85,0.00030677,20,0
418.36,0.00029757,20,0
418.86,0.00028836,20,0
419.36,0.00027916,20,0
419.86,0.00026996,20,0
420.37,0.00026063,20,0
420.88,0.00025131,20,0
421.39,0.00024198,20,0
421.89,0.00023265,20,0
422.4,0.00022333,20,0
422.91,0.000214,20,0
423.42,0.00020467,20,0
423.93,0.00019534,20,0
424.44,0.00018602,20,0
424.95,0.00017669,20,0
425.5,0.00016651,20,0
426.05,0.00015634,20,0
426.61,0.00014616,20,0
427.16,0.00013599,20,0
427.72,0.00012581,20,0
428.27,0.00011564,20,0
428.83,0.00010546,20,0
429.38,9.5286e-05,20,0
429.94,8.5111e-05,20,0
430.49,7.4936e-05,20,0
431.02,6.528e-05,20,0
431.54,5.5623e-05,20,0
432.07,4.5967e-05,20,0
432.6,3.6311e-05,20,0
433.12,2.6655e-05,20,0
433.65,1.6998e-05,20,0
434.18,7.342e-06,20,0
434.7,-2.3143e-06,20,0
435.23,-1.1971e-05,20,0
435.76,-2.1627e-05,20,0
436.27,-3.0989e-05,20,0
436.78,-4.0351e-05,20,0
437.29,-4.9713e-05,20,0
437.8,-5.9075e-05,20,0
438.31,-6.8437e-05,20,0
438.82,-7.7799e-05,20,0
439.33,-8.7161e-05,20,0
439.84,-9.6523e-05,20,0
440.35,-0.00010588,20,0
440.86,-0.00011525,20,0
441.36,-0.00012449,20,0
441.87,-0.00013373,20,0
442.37,-0.00014298,20,0
442.87,-0.00015222,20,1.4103e-13
443.38,-0.00016146,20,0
443.88,-0.0001707,20,-8.4618e-13
444.39,-0.00017995,20,2.8206e-13
444.89,-0.00018919,20,2.8206e-12
445.39,-0.00019843,20,-8.4616e-13
445.9,-0.00020768,20,-1.0862e-11
446.4,-0.00021692,20,3.6677e-12
446.9,-0.00022616,20,4.105e-11
447.41,-0.0002354,20,-1.5941e-11
447.91,-0.00024464,20,-1.5376e-10
448.42,-0.00025388,20,6.6584e-11
448.92,-0.00026312,20,5.7598e-10
449.42,-0.00027236,20,-2.7564e-10
449.93,-0.0002816,20,-2.1555e-09
450.43,-0.00029084,20,1.1311e-09
450.93,-0.00030008,20,8.0704e-09
451.44,-0.00029205,20,-4.4384e-09
451.94,-0.00028402,20,-3.0146e-08
452.44,-0.00027599,20,1.7214e-08
452.94,-0.00026796,20,1.1259e-07
453.44,-0.00025992,20,-6.6685e-08
453.94,-0.00025189,20,-4.2048e-07
454.45,-0.00024386,20,2.5804e-07
454.95,-0.00023583,20,1.57e-06
455.45,-0.0002278,20,-9.9744e-07
455.95,-0.00021977,20,-5.8661e-06
456.45,-0.00021176,20,3.7601e-06
456.95,-0.00020375,20,2.1893e-05
457.45,-0.00019574,20,-1.4084e-05
457.95,-0.00018774,20,-8.171e-05
458.45,-0.00017973,20,5.2752e-05
458.95,-0.00017172,20,0.00030495
459.45,-0.00016371,20,-0.00019761
459.95,-0.0001557,20,-0.0011381
460.45,-0.0001477,20,0.00074015
460.95,-0.00013969,20,0.0041045
461.51,-0.00013083,20,-0.0053829
462.06,-0.00012196,20,-0.027619
462.61,-0.0001131,19.999,-0.047787
463.17,-0.00010424,19.998,-0.065311
463.72,-9.5373e-05,19.996,-0.083739
464.27,-8.651e-05,19.994,-0.10264
464.83,-7.7647e-05,19.991,-0.12127
465.38,-6.8784e-05,19.988,-0.13982
465.93,-5.9921e-05,19.984,-0.15846
466.49,-5.1058e-05,19.979,-0.17707
467.04,-4.2225e-05,19.974,-0.19564
467.59,-3.3393e-05,19.969,-0.21421
468.14,-2.456e-05,19.963,-0.23278
468.69,-1.5727e-05,19.957,-0.25137
469.25,-6.8945e-06,19.95,-0.26995
469.8,1.9382e-06,19.942,-0.28854
470.35,1.0771e-05,19.934,-0.30714
470.9,1.9604e-05,19.926,-0.32575
471.45,2.8437e-05,19.917,-0.34436
472,3.7269e-05,19.907,-0.3629
472.55,4.603e-05,19.897,-0.38138
473.1,5.479e-05,19.887,-0.39986
473.65,6.3551e-05,19.876,-0.41836
474.19,7.2311e-05,19.864,-0.43686
474.74,8.1072e-05,19.852,-0.45537
475.29,8.9832e-05,19.84,-0.47389
475.84,9.8593e-05,19.827,-0.49243
476.38,0.00010735,19.813,-0.51097
476.93,0.00011611,19.799,-0.52953
477.48,0.00012487,19.784,-0.54809
478.02,0.00013363,19.769,-0.56666
478.57,0.00014238,19.753,-0.58524
479.12,0.00015114,19.737,-0.60384
479.66,0.00015989,19.72,-0.62245
480.21,0.00016864,19.703,-0.64107
480.76,0.0001774,19.685,-0.65971
481.3,0.00018615,19.667,-0.67837
481.85,0.00019491,19.648,-0.69704
482.4,0.00020366,19.629,-0.71573
482.94,0.00021241,19.609,-0.73458
483.5,0.00022129,19.588,-0.75357
484.05,0.00023018,19.567,-0.77259
484.61,0.00023906,19.545,-0.79162
485.16,0.00024794,19.522,-0.81068
485.72,0.00023253,19.499,-0.82975
486.27,0.00021712,19.476,-0.84885
486.83,0.00020171,19.452,-0.86797
487.38,0.00018631,19.427,-0.88711
487.94,0.0001709,19.402,-0.90628
488.49,0.00015549,19.376,-0.92452
488.99,0.00014151,19.352,-0.94196
489.5,0.00012752,19.327,-0.95942
490,0.00011353,19.302,-0.9769
490.51,9.9546e-05,19.277,-0.99441
491.01,8.5559e-05,19.251,-1.0119
491.51,7.1572e-05,19.224,-1.0295
492.02,5.7585e-05,19.197,-1.047
492.52,4.3598e-05,19.17,-1.0646
493.02,2.9611e-05,19.142,-1.0823
493.53,1.5624e-05,19.113,-1.1
494.04,1.4626e-06,19.084,-1.1179
494.55,-1.2699e-05,19.054,-1.1358
495.06,-2.686e-05,19.024,-1.1538
495.57,-4.1021e-05,18.993,-1.1717
496.08,-5.5182e-05,18.961,-1.1897
496.59,-6.9344e-05,18.929,-1.2078
497.1,-8.3505e-05,18.897,-1.2258
497.61,-9.7666e-05,18.864,-1.2439
498.11,-0.00011183,18.83,-1.262
498.62,-0.00012599,18.796,-1.2802
499.14,-0.00014018,18.761,-1.2984
499.65,-0.00015438,18.726,-1.3167
500.16,-0.00016857,18.69,-1.3349
500.67,-0.00018277,18.653,-1.3533
501.18,-0.00019696,18.616,-1.3716
501.69,-0.00021116,18.579,-1.39
502.2,-0.00022535,18.54,-1.4084
502.71,-0.00023955,18.502,-1.4269
503.22,-0.00025374,18.462,-1.4454
503.74,-0.00026794,18.422,-1.4648
504.29,-0.0002833,18.378,-1.4849
504.84,-0.00029865,18.333,-1.5051
505.39,-0.00031401,18.288,-1.5253
505.95,-0.00032937,18.242,-1.5455
506.5,-0.00034473,18.195,-1.5658
507.05,-0.00036009,18.148,-1.5862
507.61,-0.00037545,18.099,-1.6066
508.16,-0.00039081,18.05,-1.627
508.71,-0.00040617,18,-1.6475
509.26,-0.00042153,17.95,-1.6678
509.8,-0.00043648,17.9,-1.6878
510.34,-0.00045144,17.849,-1.708
510.88,-0.0004664,17.797,-1.7281
511.42,-0.00048136,17.745,-1.7484
511.96,-0.00049631,17.692,-1.7687
512.5,-0.00051127,17.638,-1.789
513.03,-0.00052623,17.584,-1.8095
513.57,-0.00054119,17.528,-1.8299
514.11,-0.00055614,17.472,-1.8505
514.65,-0.0005711,17.415,-1.8711
515.19,-0.00058612,17.357,-1.8919
515.73,-0.00060114,17.298,-1.9127
516.27,-0.00061616,17.238,-1.9336
516.81,-0.00063117,17.177,-1.9545
517.35,-0.00064619,17.116,-1.9755
517.89,-0.00066121,17.054,-1.9966
518.43,-0.00067623,16.99,-2.0178
518.97,-0.00069124,16.926,-2.039
519.52,-0.0013567,16.861,-2.0604
520.06,-0.0020221,16.795,-2.0815
520.59,-0.0026767,16.729,-2.1027
521.12,-0.0033313,16.662,-2.1239
521.65,-0.0039859,16.594,-2.1452
522.18,-0.0046405,16.526,-2.1665
522.72,-0.0052951,16.456,-2.188
523.25,-0.0059497,16.385,-2.2095
523.78,-0.0066043,16.313,-2.2311
524.31,-0.0072589,16.241,-2.2529
524.84,-0.0079135,16.167,-2.2747
525.37,-0.0092444,16.092,-2.2962
525.89,-0.010542,16.018,-2.3175
526.41,-0.011839,15.943,-2.3392
526.93,-0.013136,15.867,-2.3612
527.45,-0.014434,15.79,-2.3822
527.97,-0.015731,15.712,-2.4029
528.48,-0.017028,15.632,-2.4276
529,-0.018326,15.552,-2.4534
529.52,-0.019623,15.47,-2.464
530.04,-0.02092,15.387,-2.4606
530.56,-0.022218,15.305,-2.4596
531.11,-0.023587,15.217,-2.4617
531.65,-0.024956,15.128,-2.4629
532.2,-0.026324,15.039,-2.4635
532.75,-0.027693,14.949,-2.4643
533.29,-0.029062,14.859,-2.4652
533.84,-0.030431,14.769,-2.4661
534.39,-0.0318,14.677,-2.467
534.93,-0.033169,14.585,-2.4679
535.48,-0.034538,14.493,-2.4688
536.03,-0.035907,14.399,-2.4693
536.55,-0.037219,14.31,-2.4701
537.08,-0.034571,14.219,-2.471
537.6,-0.031922,14.128,-2.4718
538.13,-0.029273,14.036,-2.4727
538.65,-0.026625,13.944,-2.4736
539.18,-0.023976,13.851,-2.4744
539.7,-0.021327,13.757,-2.4753
540.23,-0.018678,13.663,-2.4762
540.75,-0.01603,13.567,-2.4771
541.27,-0.013381,13.472,-2.4776
541.78,-0.010818,13.378,-2.4785
542.29,-0.0082553,13.284,-2.4794
542.8,-0.0056926,13.19,-2.4802
543.3,-0.0031299,13.094,-2.4811
543.81,-0.00056712,12.998,-2.4821
544.32,0.0019956,12.901,-2.4828
544.83,0.0045584,12.803,-2.4832
545.33,0.0071211,12.705,-2.4845
545.84,0.0096838,12.606,-2.4872
546.35,0.012247,12.506,-2.4867
546.89,0.014991,12.398,-2.4811
547.44,0.017735,12.289,-2.4941
547.98,0.02048,12.178,-2.5153
548.52,0.023224,12.066,-2.4553
549.07,0.025969,11.956,-2.3223
549.61,0.028713,11.85,-2.2013
550.15,0.031457,11.749,-2.0945
550.7,0.034202,11.652,-1.9816
551.24,0.036946,11.56,-1.8648
551.78,0.03969,11.472,-1.7497
552.32,0.042377,11.391,-1.6355
552.85,0.045063,11.315,-1.5201
553.38,0.047749,11.243,-1.4037
553.91,0.050436,11.177,-1.2866
554.44,0.053122,11.116,-1.1688
554.98,0.055808,11.06,-1.0502
555.51,0.058495,11.009,-0.93088
556.04,0.061181,10.964,-0.81094
556.57,0.063867,10.925,-0.69042
557.1,0.066553,10.891,-0.57131
557.62,0.065732,10.864,-0.45378
558.13,0.06491,10.843,-0.33583
558.65,0.064089,10.827,-0.21755
559.16,0.063267,10.816,-0.098968
559.68,0.062446,10.812,0.019844
560.19,0.061625,10.813,0.13883
560.71,0.060803,10.819,0.25785
561.22,0.059982,10.831,0.377
561.73,0.05916,10.849,0.4963
562.25,0.058339,10.873,0.61416
562.75,0.057533,10.901,0.73008
563.26,0.056727,10.935,0.84689
563.76,0.055921,10.974,0.96593
564.27,0.055115,11.019,1.0804
564.77,0.054309,11.068,1.1852
565.28,0.053503,11.122,1.3064
565.78,0.052697,11.182,1.4616
566.29,0.051891,11.248,1.5501
566.79,0.051084,11.317,1.4916
567.3,0.050278,11.384,1.3862
567.83,0.050392,11.448,1.3197
568.36,0.050507,11.51,1.2633
568.89,0.050621,11.568,1.1963
569.42,0.050735,11.623,1.1283
569.95,0.050849,11.674,1.0635
570.48,0.050963,11.722,0.99909
571.01,0.051077,11.768,0.93426
571.54,0.051191,11.81,0.86977
572.07,0.051305,11.849,0.80573
572.6,0.051419,11.885,0.74217
573.13,0.051532,11.918,0.67906
573.65,0.051646,11.948,0.61615
574.18,0.051759,11.975,0.55345
574.7,0.051872,11.999,0.4909
575.23,0.051985,12.02,0.42852
575.76,0.052098,12.039,0.36627
576.28,0.052211,12.055,0.30414
576.81,0.052324,12.069,0.24212
577.33,0.052437,12.079,0.1802
577.86,0.052551,12.087,0.11815
578.39,0.052664,12.092,0.055953
578.92,0.052778,12.095,-0.0061866
579.45,0.052892,12.094,-0.068293
579.98,0.053006,12.091,-0.13037
580.51,0.05312,12.086,-0.19245
581.04,0.053234,12.077,-0.25453
581.56,0.053348,12.066,-0.3166
582.09,0.053462,12.052,-0.37871
582.62,0.053576,12.035,-0.44098
583.15,0.053689,12.016,-0.50166
583.66,0.053798,11.995,-0.56047
584.16,0.053906,11.972,-0.61967
584.66,0.054014,11.946,-0.68041
585.16,0.054122,11.917,-0.74003
585.67,0.05423,11.886,-0.7944
586.17,0.054339,11.852,-0.85365
586.67,0.054447,11.816,-0.93297
587.18,0.054513,11.776,-0.99391
587.68,0.05458,11.734,-0.97899
588.18,0.054647,11.692,-0.92284
588.71,0.054717,11.65,-0.88355
589.24,0.054787,11.61,-0.85384
589.77,0.054857,11.571,-0.81868
590.3,0.054927,11.533,-0.78148
590.83,0.054998,11.497,-0.74564
591.36,0.055068,11.463,-0.71001
591.89,0.055138,11.43,-0.67387
592.42,0.055208,11.399,-0.63758
592.95,0.055278,11.369,-0.60128
593.48,0.055348,11.341,-0.56546
593.99,0.055416,11.316,-0.53015
594.5,0.055484,11.292,-0.49475
595.02,0.055552,11.269,-0.45926
595.53,0.05562,11.249,-0.42371
596.04,0.055688,11.229,-0.38807
596.55,0.055756,11.212,-0.35237
597.06,0.055824,11.195,-0.31659
597.58,0.055891,11.181,-0.28076
598.09,0.055959,11.168,-0.24487
598.6,0.056027,11.157,-0.20858
599.12,0.056096,11.147,-0.17189
599.65,0.056165,11.139,-0.13516
600.17,0.056235,11.133,-0.098396
600.69,0.056304,11.128,-0.061598
601.21,0.056373,11.125,-0.024773
601.73,0.056442,11.124,0.012072
602.26,0.056511,11.125,0.048931
602.78,0.056581,11.127,0.085799
603.3,0.05665,11.131,0.12267
603.82,0.056719,11.137,0.15933
604.34,0.056787,11.144,0.19576
604.86,0.056856,11.153,0.23218
605.37,0.056924,11.164,0.26858
605.89,0.056993,11.176,0.30496
606.4,0.057061,11.19,0.3413
606.92,0.057129,11.206,0.37761
607.44,0.057198,11.223,0.41389
607.95,0.057266,11.243,0.45013
608.47,0.057335,11.263,0.48625
608.99,0.057403,11.285,0.52276
609.52,0.057473,11.31,0.55999
610.05,0.057543,11.336,0.59715
610.58,0.057614,11.364,0.63308
611.11,0.057684,11.394,0.6694
611.64,0.057754,11.425,0.7101
612.17,0.057824,11.458,0.74705
612.7,0.057895,11.492,0.76704
613.23,0.057965,11.528,0.80831
613.76,0.058035,11.565,0.91696
614.29,0.058105,11.607,1.0505
614.83,0.058177,11.656,1.1676
615.37,0.055499,11.71,1.2802
615.91,0.052821,11.769,1.397
616.45,0.050142,11.833,1.5138
616.99,0.047464,11.902,1.6288
617.53,0.044786,11.976,1.743
618.07,0.042108,12.055,1.8568
618.61,0.03943,12.138,1.9714
619.15,0.036751,12.226,2.0842
619.69,0.034073,12.318,2.187
620.19,0.031591,12.407,2.29
620.69,0.029108,12.499,2.4133
621.19,0.026625,12.596,2.5142
621.69,0.024142,12.696,2.5327
622.19,0.02166,12.796,2.5084
622.69,0.019177,12.894,2.5032
623.19,0.016694,12.991,2.5096
623.69,0.014211,13.088,2.5108
624.2,0.011728,13.184,2.5089
624.7,0.0092456,13.279,2.5073
625.27,0.0064264,13.387,2.5076
625.83,0.0036578,13.493,2.5075
626.4,0.00088918,13.599,2.5073
626.97,-0.0018794,13.704,2.5072
627.54,-0.004648,13.808,2.5071
628.11,-0.0074166,13.911,2.507
628.68,-0.010185,14.013,2.5069
629.25,-0.012954,14.115,2.5068
629.81,-0.015722,14.216,2.5067
630.38,-0.018491,14.316,2.5073
630.9,-0.020252,14.408,2.5072
631.42,-0.022014,14.498,2.5071
631.95,-0.023775,14.588,2.5071
632.47,-0.025536,14.678,2.507
632.99,-0.027297,14.767,2.5069
633.51,-0.029059,14.855,2.5068
634.03,-0.03082,14.943,2.5067
634.55,-0.032581,15.031,2.5067
635.07,-0.03152,15.117,2.5066
635.59,-0.03046,15.204,2.5068
636.1,-0.02943,15.287,2.5067
636.6,-0.028401,15.37,2.5065
637.11,-0.027372,15.452,2.5064
637.61,-0.026343,15.534,2.5067
638.12,-0.025314,15.616,2.5067
638.62,-0.024285,15.697,2.5055
639.13,-0.023256,15.778,2.5049
639.63,-0.022226,15.858,2.5096
640.14,-0.021197,15.938,2.5109
640.64,-0.020168,16.017,2.4914
641.17,-0.019092,16.099,2.4595
641.7,-0.018017,16.18,2.4325
642.23,-0.016941,16.26,2.4084
642.76,-0.015865,16.338,2.383
643.28,-0.014789,16.415,2.3572
643.81,-0.013714,16.491,2.3319
644.34,-0.012638,16.565,2.3068
644.87,-0.011562,16.639,2.2818
645.4,-0.010486,16.711,2.2568
645.93,-0.0094104,16.783,2.2327
646.43,-0.0083781,16.85,2.209
646.94,-0.0075055,16.917,2.1854
647.45,-0.0066329,16.982,2.1619
647.95,-0.0057603,17.047,2.1385
648.46,-0.0048877,17.11,2.1151
648.97,-0.0040151,17.173,2.0919
649.47,-0.0031425,17.234,2.0687
649.98,-0.0022699,17.295,2.0457
650.49,-0.0013974,17.355,2.0227
650.99,-0.00052476,17.414,1.9997
651.5,0.00035368,17.473,1.9767
652.01,0.00035006,17.531,1.9539
652.52,0.00034644,17.588,1.9311
653.03,0.00034282,17.644,1.9083
653.54,0.0003392,17.699,1.8857
654.05,0.00033558,17.753,1.8631
654.57,0.00033196,17.807,1.8406
655.08,0.00032834,17.859,1.8182
655.59,0.00032472,17.911,1.7958
656.1,0.00032111,17.962,1.7726
656.64,0.00031726,18.016,1.749
657.18,0.00031341,18.069,1.7254
657.72,0.00030956,18.12,1.702
658.27,0.00030571,18.171,1.6785
658.81,0.00030186,18.222,1.6552
659.35,0.00029802,18.271,1.6319
659.89,0.00029417,18.319,1.6087
660.44,0.00029032,18.367,1.5855
660.98,0.00028647,18.414,1.5625
661.52,0.00028262,18.46,1.5395
662.06,0.0002788,18.505,1.5167
662.6,0.00027499,18.549,1.494
663.14,0.00027117,18.592,1.4713
663.67,0.00026735,18.635,1.4487
664.21,0.00026353,18.677,1.4261
664.75,0.00025971,18.718,1.4036
665.29,0.00025589,18.758,1.3811
665.83,0.00025207,18.798,1.3587
666.37,0.00024826,18.837,1.3364
666.9,0.00024444,18.875,1.3143
667.43,0.00024069,18.912,1.2924
667.96,0.00023694,18.948,1.2706
668.49,0.00023319,18.983,1.2488
669.02,0.00022944,19.018,1.2271
669.55,0.0002257,19.052,1.2054
670.07,0.00022195,19.085,1.1837
670.6,0.0002182,19.118,1.1621
671.13,0.00021445,19.15,1.1406
671.66,0.0002107,19.182,1.119
672.19,0.00020695,19.213,1.0979
672.7,0.00020334,19.242,1.0772
673.21,0.00019972,19.27,1.0565
673.72,0.0001961,19.298,1.0359
674.23,0.00019248,19.326,1.0153
674.74,0.00018886,19.352,0.99466
675.25,0.00018525,19.379,0.9741
675.76,0.00018163,19.404,0.95357
676.27,0.00017801,19.429,0.93306
676.78,0.00017439,19.454,0.91259
677.29,0.00017077,19.478,0.8914
677.83,0.00016691,19.503,0.86959
678.38,0.00016305,19.527,0.84781
678.92,0.00015918,19.551,0.82606
679.47,0.00015532,19.574,0.80433
680.01,0.00015145,19.596,0.78263
680.56,0.00014759,19.618,0.76096
681.1,0.00014372,19.639,0.73931
681.65,0.00013986,19.66,0.71769
682.19,0.00013599,19.679,0.69609
682.74,0.00013213,19.699,0.67523
683.25,0.00012851,19.716,0.65505
683.76,0.00012489,19.733,0.63489
684.27,0.00012128,19.75,0.61475
684.78,0.00011766,19.765,0.59463
685.29,0.00011404,19.781,0.57452
685.8,0.00011042,19.796,0.55443
686.31,0.00010681,19.81,0.53436
686.82,0.00010319,19.824,0.5143
687.33,9.9571e-05,19.837,0.49426
687.84,9.5953e-05,19.85,0.47341
688.39,9.2041e-05,19.863,0.45177
688.94,8.8129e-05,19.875,0.43014
689.49,8.4217e-05,19.887,0.40853
690.04,8.0305e-05,19.898,0.38693
690.59,7.6393e-05,19.909,0.36535
691.15,7.2481e-05,19.919,0.34378
691.7,6.8569e-05,19.929,0.32222
692.25,6.4657e-05,19.938,0.30067
692.8,6.0745e-05,19.946,0.27914
693.35,5.6833e-05,19.954,0.25836
693.87,5.3192e-05,19.96,0.23833
694.38,4.9551e-05,19.967,0.21831
694.89,4.5911e-05,19.972,0.1983
695.41,4.227e-05,19.977,0.1783
695.92,3.8629e-05,19.982,0.1583
696.43,3.4988e-05,19.986,0.1383
696.95,3.1347e-05,19.989,0.11832
697.46,2.7707e-05,19.993,0.098333
697.97,2.4066e-05,19.995,0.078354
698.49,2.0425e-05,19.997,0.058505
698.99,1.6831e-05,19.999,0.038787
699.5,1.3237e-05,20,0.019077
700.01,9.643e-06,20,-0.00062842
700.51,6.0491e-06,20,-0.020357
701.02,2.4551e-06,19.999,-0.040088
701.53,-1.1389e-06,19.998,-0.059728
702.03,-4.7329e-06,19.997,-0.079362
702.54,-8.3269e-06,19.995,-0.099341
703.05,-1.1921e-05,19.992,-0.11931
703.55,-1.5515e-05,19.989,-0.13809
704.06,-1.9153e-05,19.986,-0.15719
704.58,-2.2791e-05,19.982,-0.18136
705.09,-2.6429e-05,19.977,-0.20393
705.6,-3.0067e-05,19.972,-0.20701
706.12,-3.3705e-05,19.967,-0.19642
706.63,-3.7343e-05,19.962,-0.18957
707.14,-4.0981e-05,19.957,-0.18612
707.65,-4.4619e-05,19.952,-0.18156
708.17,-4.8257e-05,19.947,-0.17617
708.68,-5.1896e-05,19.943,-0.17105
709.2,-5.5592e-05,19.938,-0.16609
709.72,-5.9289e-05,19.934,-0.16105
710.24,-6.2986e-05,19.93,-0.15595
710.77,-6.6683e-05,19.926,-0.15088
711.29,-7.038e-05,19.922,-0.14581
711.81,-7.4077e-05,19.918,-0.14074
712.33,-7.7774e-05,19.914,-0.13567
712.85,-8.1471e-05,19.911,-0.1306
713.37,-8.5168e-05,19.907,-0.12552
713.89,-8.8865e-05,19.904,-0.1204
714.42,-9.2627e-05,19.901,-0.11524
714.95,-9.6389e-05,19.898,-0.11007
715.48,-0.00010015,19.895,-0.1049
716.01,-0.00010391,19.892,-0.099734
716.54,-0.00010767,19.889,-0.094565
717.07,-0.00011144,19.887,-0.089395
717.6,-0.0001152,19.884,-0.084225
718.14,-0.00011896,19.882,-0.079053
718.67,-0.00012272,19.88,-0.073882
719.2,-0.00012648,19.878,-0.06864
719.74,-0.00013035,19.876,-0.063329
720.29,-0.00014594,19.874,-0.058017
720.83,-0.00016153,19.873,-0.052704
721.37,-0.00017712,19.871,-0.047391
721.92,-0.00019271,19.87,-0.042078
722.46,-0.0002083,19.869,-0.036764
723.01,-0.0002239,19.868,-0.03145
723.55,-0.00023949,19.867,-0.026135
724.1,-0.00025508,19.866,-0.02082
724.64,-0.00027067,19.866,-0.015462
725.19,-0.00028651,19.865,-0.010061
725.75,-0.00030236,19.865,-0.0046592
726.3,-0.0003182,19.865,0.00074248
726.86,-0.00033404,19.865,0.0061442
727.41,-0.00034989,19.865,0.011546
727.96,-0.00036573,19.865,0.016948
728.52,-0.00038157,19.866,0.02235
729.07,-0.00039742,19.867,0.027752
729.62,-0.00041326,19.867,0.033153
730.18,-0.0004291,19.868,0.038418
730.7,-0.00044415,19.869,0.043547
731.23,-0.00045919,19.87,0.048676
731.75,-0.00047424,19.872,0.053804
732.28,-0.00048928,19.873,0.058932
732.8,-0.00050432,19.875,0.06406
733.33,-0.00051937,19.876,0.069187
733.85,-0.00053441,19.878,0.074314
734.38,-0.00054946,19.88,0.079441
734.9,-0.0005645,19.882,0.084567
735.43,-0.00057954,19.884,0.08983
735.98,-0.00059539,19.887,0.09523
736.54,-0.00061125,19.89,0.10063
737.09,-0.0006271,19.892,0.10603
737.64,-0.00064295,19.895,0.11143
738.2,-0.0006588,19.898,0.11683
738.75,-0.00067466,19.902,0.12222
739.31,-0.00069051,19.905,0.12762
739.86,-0.00070636,19.909,0.13301
740.41,-0.00072221,19.912,0.13841
740.97,-0.00073806,19.916,0.14369
741.5,-0.00075327,19.92,0.14886
742.03,-0.00076847,19.924,0.15403
742.56,-0.00078367,19.928,0.1592
743.09,-0.00079887,19.932,0.16437
743.62,-0.00081407,19.937,0.16954
744.15,-0.00082927,19.941,0.1747
744.68,-0.00084447,19.946,0.17987
745.21,-0.00085967,19.951,0.18503
745.74,-0.00087488,19.956,0.1902
746.28,-0.00089008,19.961,0.19529
746.79,-0.00090488,19.966,0.20032
747.31,-0.00091969,19.971,0.20534
747.83,-0.00093449,19.976,0.21036
748.34,-0.0009493,19.982,0.21539
748.86,-0.0009641,19.987,0.22041
749.38,-0.00097891,19.993,0.22543
749.9,-0.00099371,19.999,0.23045
750.41,-0.0010085,20.005,0.23546
750.93,-0.0010233,20.011,0.23546
