0,-5.8832e-05,20,-0.33173
0.51515,-5.8454e-05,19.991,-0.32517
1.0303,-5.8077e-05,19.983,-0.3186
1.5455,-5.77e-05,19.975,-0.31204
2.0606,-5.7323e-05,19.967,-0.30546
2.5758,-5.6945e-05,19.959,-0.29889
3.0909,-5.6568e-05,19.951,-0.29231
3.6061,-5.6191e-05,19.944,-0.28573
4.1212,-5.5814e-05,19.936,-0.27915
4.6364,-5.5437e-05,19.929,-0.27257
5.1515,-5.5059e-05,19.922,-0.26585
5.688,-5.4666e-05,19.915,-0.25898
6.2245,-5.4274e-05,19.908,-0.25212
6.761,-5.3881e-05,19.901,-0.24525
7.2975,-5.3488e-05,19.894,-0.23838
7.834,-5.3095e-05,19.888,-0.23151
8.3705,-5.2702e-05,19.882,-0.22464
8.907,-5.2309e-05,19.876,-0.21776
9.4435,-5.1916e-05,19.87,-0.21088
9.98,-5.1523e-05,19.864,-0.204
10.517,-5.1131e-05,19.859,-0.19724
11.034,-5.0752e-05,19.854,-0.19061
11.551,-5.0373e-05,19.849,-0.18397
12.068,-4.9995e-05,19.844,-0.17734
12.585,-4.9616e-05,19.839,-0.1707
13.102,-4.9237e-05,19.835,-0.16405
13.619,-4.8859e-05,19.83,-0.15741
14.136,-4.848e-05,19.826,-0.15077
14.653,-4.8102e-05,19.822,-0.14412
15.17,-4.7723e-05,19.819,-0.13748
15.687,-4.7344e-05,19.815,-0.13084
16.201,-4.6968e-05,19.812,-0.12423
16.716,-4.6591e-05,19.808,-0.11761
17.23,-4.6214e-05,19.805,-0.11099
17.745,-4.5837e-05,19.802,-0.10437
18.259,-4.546e-05,19.8,-0.097745
18.774,-4.5084e-05,19.797,-0.091122
19.289,-4.4707e-05,19.795,-0.084498
19.803,-4.433e-05,19.793,-0.077873
20.318,-4.3953e-05,19.791,-0.071247
20.832,-4.3576e-05,19.789,-0.064575
21.354,-4.3194e-05,19.787,-0.057857
21.876,-4.2812e-05,19.786,-0.051138
22.397,-4.243e-05,19.784,-0.044418
22.919,-4.2048e-05,19.783,-0.037698
23.44,-4.1666e-05,19.782,-0.030977
23.962,-4.1284e-05,19.781,-0.024256
24.484,-4.0902e-05,19.781,-0.017535
25.005,-4.052e-05,19.78,-0.010813
25.527,-4.0138e-05,19.78,-0.0040908
26.049,-3.9756e-05,19.78,0.0026198
26.568,-3.9376e-05,19.78,0.0093189
27.088,-3.8995e-05,19.78,0.016018
27.608,-3.8614e-05,19.78,0.022717
28.128,-3.8234e-05,19.781,0.029417
28.648,-3.7853e-05,19.782,0.036116
29.168,-3.7472e-05,19.783,0.042815
29.688,-3.7092e-05,19.784,0.049514
30.207,-3.6711e-05,19.785,0.056212
30.727,-2.8182e-05,19.787,0.06291
31.247,-1.9653e-05,19.788,0.06962
31.769,-1.1093e-05,19.79,0.076342
32.29,-2.5326e-06,19.792,0.083063
32.812,6.0275e-06,19.794,0.089784
33.334,1.4588e-05,19.797,0.096503
33.856,2.3148e-05,19.799,0.10322
34.377,3.1708e-05,19.802,0.10994
34.899,4.0268e-05,19.805,0.11666
35.421,4.8828e-05,19.808,0.12338
35.942,5.7388e-05,19.811,0.13009
36.464,6.5948e-05,19.815,0.13671
36.97,7.425e-05,19.818,0.14322
37.476,8.2551e-05,19.822,0.14973
37.982,9.0853e-05,19.826,0.15624
38.488,9.9155e-05,19.83,0.16275
38.994,0.00010746,19.834,0.16925
39.5,0.00011576,19.838,0.17576
40.006,0.00012406,19.843,0.18226
40.512,0.00013236,19.847,0.18877
41.018,0.00014066,19.852,0.19527
41.524,0.00014897,19.857,0.20182
42.037,0.00015739,19.862,0.20841
42.551,0.00016581,19.868,0.215
43.064,0.00017424,19.873,0.22159
43.577,0.00018266,19.879,0.2282
44.091,0.00019108,19.885,0.2348
44.604,0.00019951,19.891,0.2413
45.118,0.00020793,19.897,0.24785
45.631,0.00021636,19.903,0.25478
46.145,0.00022478,19.91,0.26144
46.658,0.0002332,19.917,0.26676
47.189,0.00024192,19.924,0.27365
47.72,0.00025063,19.931,0.28604
48.251,0.00025934,19.939,0.29032
48.782,0.00026805,19.947,0.27249
49.313,0.00027676,19.954,0.24793
49.844,0.00028548,19.96,0.22896
50.375,0.00029419,19.966,0.21111
50.906,0.0003029,19.972,0.19179
51.437,0.00031161,19.977,0.17235
51.968,0.00032033,19.982,0.15375
52.473,0.00032861,19.986,0.13562
52.978,0.0003369,19.989,0.11741
53.483,0.00034519,19.992,0.099201
53.988,0.00035348,19.995,0.08102
54.494,0.00036177,19.997,0.062841
54.999,0.00037006,19.998,0.044659
55.504,0.00037834,19.999,0.026479
56.009,0.00038663,20,0.008302
56.514,0.00039492,20,-0.0098741
57.019,0.00040321,20,-0.028192
57.532,0.00041163,19.999,-0.046652
58.046,0.00042005,19.998,-0.065112
58.559,0.00042846,19.996,-0.083572
59.072,0.00043688,19.994,-0.10203
59.585,0.0004453,19.992,-0.1205
60.098,0.00045372,19.989,-0.13896
60.611,0.00046214,19.985,-0.15743
61.124,0.00047056,19.981,-0.1759
61.637,0.00047897,19.976,-0.19437
62.15,0.00048739,19.971,-0.21287
62.665,0.00049584,19.966,-0.23141
63.18,0.00050429,19.96,-0.24996
63.694,0.00051273,19.954,-0.26851
64.209,0.00052118,19.947,-0.28706
64.724,0.00052962,19.939,-0.30562
65.239,0.00053807,19.931,-0.32419
65.754,0.00054652,19.923,-0.34276
66.268,0.00055496,19.914,-0.36134
66.783,0.00056341,19.905,-0.37993
67.298,0.00057185,19.895,-0.39897
67.837,0.0005807,19.884,-0.41844
68.376,0.00055592,19.873,-0.43793
68.915,0.00053113,19.861,-0.45743
69.453,0.00050635,19.848,-0.47693
69.992,0.00048157,19.835,-0.49645
70.531,0.00045679,19.822,-0.51598
71.07,0.00043201,19.808,-0.53553
71.609,0.00040723,19.793,-0.55508
72.148,0.00038245,19.778,-0.57465
72.687,0.00035767,19.763,-0.59427
73.228,0.0003328,19.746,-0.61393
73.768,0.00030794,19.73,-0.63361
74.309,0.00028308,19.712,-0.6533
74.85,0.00025822,19.694,-0.67301
75.39,0.00023335,19.676,-0.69274
75.931,0.00020849,19.657,-0.71248
76.472,0.00018363,19.637,-0.73225
77.012,0.00015877,19.617,-0.75203
77.553,0.0001339,19.596,-0.77183
78.094,0.00010904,19.575,-0.79155
78.629,8.4411e-05,19.553,-0.81121
79.165,5.9781e-05,19.531,-0.83088
79.701,3.5151e-05,19.508,-0.85058
80.236,1.0522e-05,19.485,-0.8703
80.772,-1.4108e-05,19.461,-0.89004
81.307,-3.8737e-05,19.437,-0.9098
81.843,-6.3367e-05,19.411,-0.92959
82.379,-8.7997e-05,19.386,-0.9494
82.914,-0.00011263,19.36,-0.96924
83.45,-0.00013726,19.333,-0.98847
83.954,-0.00016043,19.307,-1.0072
84.458,-0.00018359,19.281,-1.0259
84.961,-0.00020676,19.254,-1.0447
85.465,-0.00022993,19.227,-1.0634
85.969,-0.0002531,19.199,-1.0822
86.473,-0.00027627,19.17,-1.1011
86.977,-0.00029944,19.141,-1.1199
87.481,-0.0003226,19.112,-1.1388
87.984,-0.00034577,19.082,-1.1577
88.488,-0.00036894,19.051,-1.1768
88.997,-0.00039233,19.02,-1.1959
89.505,-0.00041572,18.988,-1.2151
90.014,-0.00043911,18.955,-1.2343
90.523,-0.0004625,18.922,-1.2536
91.031,-0.00048588,18.889,-1.2728
91.54,-0.00050927,18.854,-1.2921
92.049,-0.00053266,18.819,-1.3115
92.557,-0.00055605,18.784,-1.3308
93.066,-0.00057944,18.748,-1.3503
93.574,-0.00060283,18.711,-1.3706
94.125,-0.00062812,18.671,-1.3917
94.675,-0.00065342,18.63,-1.4128
95.225,-0.00067871,18.588,-1.434
95.775,-0.00070401,18.546,-1.4552
96.325,-0.00072931,18.503,-1.4764
96.875,-0.0007546,18.459,-1.4977
97.425,-0.0007799,18.414,-1.5191
97.975,-0.00080519,18.369,-1.5405
98.525,-0.00083049,18.323,-1.562
99.075,-0.00085578,18.276,-1.5835
99.628,-0.00088118,18.228,-1.6052
100.18,-0.00090659,18.179,-1.6269
100.73,-0.00093199,18.13,-1.6486
101.28,-0.00095739,18.08,-1.6704
101.84,-0.00098279,18.029,-1.6922
102.39,-0.0010082,17.977,-1.7143
102.94,-0.0010336,17.924,-1.7365
103.49,-0.001059,17.871,-1.758
104.05,-0.0010844,17.816,-1.7796
104.6,-0.0011098,17.761,-1.8031
105.1,-0.0010638,17.71,-1.8247
105.61,-0.0010177,17.658,-1.8355
106.12,-0.00097167,17.605,-1.839
106.62,-0.00092563,17.552,-1.8445
107.13,-0.00087959,17.499,-1.8519
107.63,-0.00083354,17.446,-1.8588
108.14,-0.0007875,17.392,-1.8652
108.64,-0.00074146,17.338,-1.8718
109.15,-0.00069541,17.283,-1.8785
109.65,-0.00064937,17.228,-1.8853
110.17,-0.00060239,17.172,-1.8922
110.69,-0.00055542,17.115,-1.8991
111.2,-0.00050844,17.058,-1.906
111.72,-0.00046147,17,-1.9129
112.23,-0.00041449,16.942,-1.9198
112.75,-0.00036751,16.884,-1.9268
113.26,-0.00032054,16.825,-1.9338
113.78,-0.00027356,16.765,-1.9408
114.29,-0.00022659,16.706,-1.9478
114.81,-0.00017961,16.646,-1.955
115.33,-0.00013186,16.584,-1.9622
115.86,-8.4107e-05,16.522,-1.9694
116.38,-3.6355e-05,16.46,-1.9767
116.91,1.1396e-05,16.397,-1.9839
117.43,5.9147e-05,16.333,-1.9912
117.96,0.0001069,16.269,-1.9986
118.48,0.00015465,16.205,-2.0059
119,0.0002024,16.14,-2.0133
119.53,0.00025015,16.075,-2.0207
120.05,0.0002979,16.009,-2.0289
120.62,0.00034966,15.937,-2.037
121.19,0.00040141,15.864,-2.0451
121.76,0.00045317,15.791,-2.0533
122.32,0.00050492,15.717,-2.0615
122.89,0.00055668,15.642,-2.0698
123.46,0.00060843,15.567,-2.0781
124.03,0.00066019,15.491,-2.0864
124.6,0.00071194,15.415,-2.0948
125.17,0.0007637,15.338,-2.1032
125.73,0.00081545,15.26,-2.1112
126.28,0.0008651,15.184,-2.1194
126.82,0.00091474,15.108,-2.1275
127.37,0.00096439,15.032,-2.1358
127.91,0.001014,14.954,-2.144
128.46,0.0010637,14.876,-2.1523
129,0.0011133,14.797,-2.1606
129.55,0.001163,14.718,-2.169
130.09,0.0012126,14.637,-2.1774
130.64,0.0012623,14.556,-2.1859
131.18,0.0013119,14.474,-2.195
131.76,0.0013641,14.387,-2.204
132.33,0.0014164,14.3,-2.213
132.9,0.0014686,14.211,-2.2221
133.48,0.0015208,14.121,-2.2313
134.05,0.001573,14.031,-2.2405
134.62,0.0016252,13.939,-2.2498
135.2,0.0016774,13.847,-2.2591
135.77,0.0017297,13.753,-2.2685
136.34,0.0017819,13.659,-2.278
136.92,0.0018341,13.563,-2.2868
137.46,0.0018838,13.471,-2.296
138.01,0.0019335,13.378,-2.3051
138.55,0.0019833,13.284,-2.3143
139.1,0.002033,13.189,-2.3236
139.65,0.0020827,13.093,-2.333
140.19,0.0021324,12.995,-2.3424
140.74,0.0021822,12.897,-2.3518
141.28,0.0022319,12.797,-2.3614
141.83,0.0022816,12.697,-2.371
142.37,0.0023313,12.595,-2.3801
142.9,0.0016503,12.495,-2.3894
143.42,0.00096924,12.395,-2.3989
143.95,0.00028819,12.293,-2.4084
144.48,-0.00039286,12.191,-2.4179
145,-0.0010739,12.086,-2.4275
145.53,-0.001755,11.981,-2.4374
146.05,-0.002436,11.874,-2.4473
146.58,-0.0031171,11.766,-2.4565
147.1,-0.0037981,11.656,-2.4661
147.63,-0.0049983,11.545,-2.4779
148.13,-0.0061494,11.437,-2.4884
148.63,-0.0073004,11.327,-2.4888
149.14,-0.0084514,11.217,-2.4829
149.64,-0.0096025,11.105,-2.4791
150.14,-0.010754,10.993,-2.4768
150.65,-0.011905,10.879,-2.474
151.15,-0.013056,10.765,-2.4707
151.66,-0.014207,10.649,-2.4675
152.16,-0.015358,10.532,-2.4644
152.66,-0.016509,10.415,-2.4616
153.18,-0.017698,10.292,-2.4582
153.7,-0.018886,10.167,-2.4548
154.22,-0.020075,10.042,-2.4514
154.74,-0.021264,9.9148,-2.4479
155.26,-0.022453,9.7864,-2.4443
155.78,-0.023642,9.6565,-2.4407
156.3,-0.024831,9.525,-2.4371
156.82,-0.02602,9.3919,-2.4335
157.34,-0.027208,9.2571,-2.4295
157.86,-0.028397,9.1206,-2.4252
158.39,-0.029603,8.9804,-2.4223
158.92,-0.030808,8.8381,-2.4207
159.45,-0.032013,8.6936,-2.4117
159.97,-0.033219,8.5473,-2.3994
160.5,-0.034424,8.3992,-2.4169
161.03,-0.03563,8.2475,-2.4359
161.56,-0.036835,8.0917,-2.3385
162.08,-0.03804,7.9393,-2.1496
162.61,-0.039246,7.7965,-1.9767
163.14,-0.035988,7.6627,-1.8222
163.65,-0.032814,7.5405,-1.662
164.17,-0.029641,7.4273,-1.494
164.68,-0.026467,7.3239,-1.3222
165.19,-0.023293,7.2311,-1.1516
165.71,-0.020119,7.1493,-0.98719
166.22,-0.016945,7.0783,-0.80797
166.74,-0.013771,7.0196,-0.59286
167.25,-0.010597,6.9762,-0.42725
167.76,-0.0074228,6.9448,-0.39378
168.28,-0.0042489,6.9156,-0.40549
168.79,-0.0010852,6.8856,-0.38429
169.3,0.0020785,6.857,-0.35275
169.81,0.0052423,6.8306,-0.32993
170.33,0.008406,6.8059,-0.3093
170.84,0.01157,6.7826,-0.28625
171.35,0.014733,6.761,-0.26265
171.86,0.017897,6.7411,-0.23964
172.38,0.021061,6.7229,-0.21669
172.89,0.024224,6.7064,-0.19351
173.4,0.027388,6.6916,-0.1703
173.91,0.030533,6.6786,-0.14712
174.42,0.033678,6.6674,-0.12397
174.93,0.036823,6.658,-0.10083
175.44,0.039968,6.6502,-0.077339
175.95,0.043113,6.6443,-0.053626
176.46,0.046257,6.6402,-0.031054
176.97,0.049402,6.6378,-0.0090432
177.47,0.052547,6.6371,0.017502
177.98,0.055692,6.6385,0.045812
178.49,0.055637,6.642,0.056734
179,0.055582,6.6463,0.049817
179.51,0.055527,6.6501,0.044207
180.02,0.055472,6.6535,0.043247
180.53,0.055417,6.6568,0.041815
181.03,0.055362,6.66,0.039174
181.54,0.055307,6.663,0.036693
182.05,0.055252,6.6658,0.034526
182.56,0.055197,6.6684,0.032311
183.07,0.055142,6.6709,0.030015
183.58,0.055087,6.6732,0.027709
184.1,0.055031,6.6754,0.025399
184.62,0.054975,6.6773,0.023084
185.14,0.054918,6.6791,0.020765
185.66,0.054862,6.6808,0.018449
186.18,0.054806,6.6822,0.016134
186.7,0.05475,6.6834,0.01382
187.22,0.054693,6.6845,0.011505
187.74,0.054637,6.6854,0.0091916
188.26,0.054581,6.6861,0.0068784
188.78,0.054525,6.6867,0.004551
189.31,0.054468,6.687,0.0022095
189.83,0.054411,6.6872,-0.00013169
190.36,0.054354,6.6872,-0.0024728
190.89,0.054297,6.687,-0.0048137
191.41,0.05424,6.6866,-0.0071547
191.94,0.054183,6.6861,-0.0094956
192.47,0.054126,6.6853,-0.011837
192.99,0.054069,6.6844,-0.014178
193.52,0.054012,6.6833,-0.016519
194.05,0.053955,6.682,-0.018832
194.56,0.0539,6.6805,-0.021115
195.08,0.053844,6.6789,-0.023399
195.59,0.053789,6.6771,-0.025684
196.1,0.053733,6.6751,-0.027969
196.62,0.053678,6.673,-0.030254
197.13,0.053622,6.6706,-0.03254
197.64,0.053566,6.6681,-0.034827
198.16,0.053511,6.6654,-0.037115
198.67,0.053455,6.6626,-0.039403
199.18,0.0534,6.6595,-0.041711
199.71,0.053343,6.6563,-0.044039
200.23,0.053522,6.6528,-0.046367
200.75,0.053701,6.6492,-0.048695
201.27,0.05388,6.6454,-0.051023
201.79,0.054058,6.6414,-0.053353
202.31,0.054237,6.6372,-0.055684
202.84,0.054416,6.6328,-0.058017
203.36,0.054595,6.6282,-0.06035
203.88,0.054773,6.6235,-0.062686
204.4,0.054952,6.6185,-0.06502
204.92,0.05513,6.6134,-0.067352
205.44,0.055308,6.6081,-0.069687
205.96,0.055487,6.6026,-0.072023
206.48,0.055665,6.597,-0.074361
207,0.055843,6.5911,-0.0767
207.52,0.056022,6.585,-0.079042
208.04,0.0562,6.5788,-0.081385
208.57,0.056378,6.5724,-0.083731
209.09,0.056556,6.5657,-0.086079
209.61,0.056735,6.5589,-0.088387
210.11,0.056907,6.5521,-0.090657
210.61,0.057079,6.5452,-0.092929
211.11,0.057251,6.538,-0.095204
211.62,0.057423,6.5307,-0.09748
212.12,0.057595,6.5232,-0.099759
212.62,0.057767,6.5156,-0.10204
213.12,0.057939,6.5077,-0.10433
213.62,0.058111,6.4996,-0.10661
214.13,0.058283,6.4914,-0.1089
214.63,0.058455,6.483,-0.11122
215.14,0.05863,6.4742,-0.11356
215.65,0.058804,6.4653,-0.11581
216.16,0.058979,6.4562,-0.11813
216.67,0.059153,6.4469,-0.12076
217.18,0.059328,6.4373,-0.12312
217.69,0.059502,6.4276,-0.12433
218.2,0.059677,6.4177,-0.12676
218.7,0.059851,6.4076,-0.13342
219.21,0.060026,6.397,-0.13494
219.72,0.0602,6.3863,-0.12003
220.23,0.059888,6.3768,-0.098044
220.74,0.059576,6.369,-0.079944
221.24,0.059263,6.3626,-0.063598
221.75,0.058951,6.3576,-0.046165
222.25,0.058639,6.3539,-0.028261
222.76,0.058326,6.3517,-0.010628
223.27,0.058014,6.3508,0.0069061
223.77,0.057702,6.3514,0.024528
224.28,0.057389,6.3533,0.042184
224.78,0.057077,6.3567,0.060332
225.32,0.056747,6.3618,0.078981
225.86,0.056416,6.3684,0.097631
226.39,0.056086,6.3766,0.11627
226.93,0.055755,6.3864,0.13489
227.46,0.055425,6.3977,0.15349
228,0.055094,6.4105,0.17207
228.53,0.054764,6.4249,0.19061
229.07,0.054434,6.4408,0.20912
229.6,0.054103,6.4582,0.22759
230.14,0.053773,6.477,0.24603
230.67,0.053442,6.4974,0.26442
231.21,0.053112,6.5192,0.28276
231.75,0.052781,6.5424,0.30104
232.28,0.05245,6.5671,0.31927
232.82,0.05212,6.5931,0.33743
233.35,0.051789,6.6205,0.35553
233.89,0.051459,6.6493,0.37356
234.42,0.051128,6.6794,0.39151
234.96,0.050797,6.7108,0.40939
235.5,0.050467,6.7435,0.42706
236.02,0.050142,6.7768,0.44447
236.55,0.049817,6.8113,0.46179
237.07,0.049492,6.847,0.47902
237.6,0.049168,6.8838,0.49626
238.13,0.048843,6.9218,0.51335
238.65,0.048518,6.9608,0.53001
239.18,0.048193,7.0009,0.5469
239.71,0.047868,7.042,0.56501
240.23,0.047544,7.0842,0.58129
240.76,0.047219,7.1274,0.59251
241.27,0.046904,7.1698,0.61114
241.78,0.04659,7.2132,0.64669
242.29,0.045098,7.2589,0.65002
242.8,0.043606,7.3046,0.58132
243.31,0.042114,7.3451,0.49158
243.82,0.040622,7.3792,0.42098
244.33,0.03913,7.4083,0.35638
244.84,0.037638,7.4328,0.28785
245.35,0.036146,7.4526,0.21631
245.86,0.032761,7.4674,0.14195
246.39,0.029214,7.4775,0.075986
246.92,0.025667,7.483,0.018179
247.46,0.02212,7.4843,-0.082216
247.99,0.018572,7.4784,-0.19761
248.53,0.015025,7.4643,-0.13237
249.06,0.011478,7.4548,0.096515
249.59,0.0079304,7.4617,0.29795
250.13,0.0043831,7.483,0.46249
250.66,0.00083585,7.5161,0.63762
251.2,-0.0027114,7.5614,0.81609
251.7,-0.0060658,7.6159,0.986
252.21,-0.0094202,7.6813,1.1533
252.71,-0.012775,7.7571,1.3201
253.22,-0.016129,7.8431,1.4867
253.72,-0.019483,7.9388,1.6536
254.23,-0.022838,8.044,1.8159
254.73,-0.026192,8.158,1.9686
255.24,-0.029547,8.2799,2.1302
255.74,-0.032901,8.4099,2.3192
256.25,-0.032114,8.5492,2.4621
256.78,-0.031286,8.7024,2.4745
257.31,-0.030457,8.8536,2.4421
257.84,-0.029629,9.0004,2.4455
258.38,-0.028801,9.1449,2.4565
258.91,-0.027972,9.2878,2.4577
259.44,-0.027144,9.4286,2.458
259.97,-0.026315,9.5672,2.4608
260.5,-0.025487,9.7041,2.4636
261.04,-0.024658,9.8391,2.4657
261.57,-0.02383,9.9724,2.468
262.09,-0.02301,10.103,2.4703
262.62,-0.02219,10.231,2.4725
263.15,-0.02137,10.359,2.4747
263.67,-0.02055,10.485,2.4768
264.2,-0.01973,10.609,2.479
264.73,-0.01891,10.732,2.4811
265.25,-0.01809,10.854,2.4832
265.78,-0.017269,10.974,2.4853
266.31,-0.016449,11.093,2.4874
266.83,-0.015629,11.211,2.49
267.34,-0.014846,11.323,2.492
267.84,-0.014062,11.434,2.4939
268.34,-0.013278,11.544,2.4958
268.85,-0.012494,11.653,2.4977
269.35,-0.01171,11.761,2.4996
269.85,-0.010926,11.868,2.5017
270.36,-0.010142,11.974,2.5034
270.86,-0.0093586,12.079,2.5046
271.36,-0.0085747,12.183,2.5072
271.87,-0.0077909,12.287,2.511
272.4,-0.0069561,12.396,2.509
272.94,-0.0061213,12.505,2.4975
273.47,-0.0052865,12.612,2.4858
274.01,-0.0044518,12.718,2.4765
274.55,-0.003617,12.822,2.4671
275.08,-0.0027822,12.925,2.4573
275.62,-0.0019474,13.027,2.4476
276.15,-0.0011127,13.128,2.4382
276.69,-0.00027787,13.227,2.4288
277.23,0.0005569,13.326,2.4197
277.75,0.0013785,13.421,2.4106
278.28,0.0013564,13.516,2.4015
278.81,0.0013343,13.61,2.3926
279.34,0.0013122,13.703,2.3837
279.86,0.0012902,13.794,2.3748
280.39,0.0012681,13.885,2.3661
280.92,0.001246,13.975,2.3574
281.45,0.0012239,14.064,2.3487
281.97,0.0012018,14.152,2.3401
282.5,0.0011798,14.239,2.332
283.01,0.0011585,14.323,2.3238
283.52,0.0011373,14.405,2.3157
284.03,0.001116,14.487,2.3076
284.53,0.0010947,14.568,2.2996
285.04,0.0010735,14.648,2.2916
285.55,0.0010522,14.727,2.2837
286.06,0.001031,14.806,2.2758
286.57,0.0010097,14.884,2.268
287.07,0.00098845,14.962,2.2602
287.58,0.0009672,15.038,2.252
288.11,0.00094491,15.118,2.2439
288.65,0.00092263,15.197,2.2359
289.18,0.00090035,15.275,2.2279
289.71,0.00087807,15.353,2.22
290.24,0.00085579,15.43,2.2121
290.78,0.0008335,15.506,2.2042
291.31,0.00081122,15.582,2.1964
291.84,0.00078894,15.657,2.1886
292.37,0.00076666,15.731,2.1809
292.91,0.00074438,15.805,2.173
293.45,0.00072151,15.88,2.1651
294,0.00069863,15.955,2.1573
294.54,0.00067576,16.029,2.1495
295.09,0.00065289,16.102,2.1418
295.64,0.00063002,16.175,2.1341
296.18,0.00060715,16.247,2.1264
296.73,0.00058427,16.318,2.1188
297.28,0.0005614,16.389,2.1112
297.82,0.00053853,16.46,2.1036
298.37,0.00051566,16.53,2.096
298.92,0.00049252,16.6,2.0884
299.48,0.00046937,16.669,2.0808
300.03,0.00044623,16.738,2.0733
300.58,0.00042309,16.807,2.0658
301.13,0.00039995,16.875,2.0584
301.69,0.00037681,16.942,2.051
302.24,0.00035367,17.009,2.0436
302.79,0.00033053,17.076,2.0361
303.35,0.00030738,17.142,2.0289
303.9,0.00028424,17.207,2.0225
304.4,0.00026315,17.266,2.0155
304.91,0.00024206,17.325,2.0079
305.41,0.00022096,17.383,2.0028
305.92,0.00019987,17.442,1.9999
306.42,0.00017878,17.499,1.9874
306.92,0.00015769,17.557,1.9624
307.43,0.00013659,17.613,1.9368
307.93,0.0001155,17.668,1.9145
308.44,9.4409e-05,17.723,1.8925
308.94,7.3317e-05,17.777,1.8696
309.45,5.2113e-05,17.83,1.8467
309.95,3.091e-05,17.882,1.8241
310.46,9.7074e-06,17.934,1.8016
310.97,-1.1496e-05,17.985,1.7791
311.47,-3.2699e-05,18.035,1.7567
311.98,-5.3902e-05,18.085,1.7343
312.49,-7.5105e-05,18.133,1.712
312.99,-9.6308e-05,18.181,1.6897
313.5,-0.00011751,18.228,1.6676
314.01,-0.00013871,18.274,1.6453
314.52,-0.00016016,18.32,1.623
315.03,-0.00018161,18.366,1.6007
315.54,-0.00020306,18.411,1.5785
316.06,-0.0002245,18.455,1.5564
316.57,-0.00024595,18.498,1.5343
317.08,-0.0002674,18.54,1.5122
317.59,-0.00028885,18.582,1.4902
318.11,-0.000286,18.623,1.4683
318.62,-0.00028316,18.664,1.4464
319.13,-0.00028031,18.703,1.4245
319.65,-0.00027743,18.743,1.4024
320.17,-0.00027455,18.782,1.3804
320.69,-0.00027167,18.82,1.3585
321.2,-0.00026879,18.857,1.3366
321.72,-0.00026591,18.894,1.3147
322.24,-0.00026303,18.93,1.2929
322.76,-0.00026015,18.965,1.2712
323.28,-0.00025728,19,1.2494
323.8,-0.0002544,19.034,1.2278
324.31,-0.00025152,19.068,1.2059
324.84,-0.00024859,19.101,1.184
325.37,-0.00024566,19.134,1.162
325.9,-0.00024273,19.166,1.1401
326.42,-0.0002398,19.197,1.1183
326.95,-0.00023687,19.228,1.0965
327.48,-0.00023394,19.258,1.0747
328.01,-0.00023101,19.287,1.0529
328.53,-0.00022808,19.316,1.0312
329.06,-0.00022515,19.344,1.0095
329.59,-0.00022222,19.372,0.98788
330.12,-0.00021929,19.399,0.96625
330.64,-0.00021636,19.425,0.94466
331.17,-0.00021343,19.451,0.92309
331.7,-0.0002105,19.476,0.90155
332.23,-0.00020757,19.5,0.88005
332.76,-0.00020463,19.524,0.85857
333.28,-0.0002017,19.547,0.83712
333.81,-0.00019877,19.57,0.81569
334.34,-0.00019584,19.592,0.7943
334.87,-0.00019291,19.613,0.77256
335.41,-0.00018988,19.635,0.75052
335.96,-0.00018686,19.655,0.72851
336.5,-0.00018383,19.676,0.70651
337.05,-0.0001808,19.695,0.68455
337.59,-0.00017778,19.714,0.6626
338.14,-0.00017475,19.732,0.64068
338.68,-0.00017172,19.75,0.61878
339.23,-0.00016869,19.767,0.5969
339.77,-0.00016567,19.784,0.57504
340.32,-0.00016264,19.8,0.55332
340.86,-0.00015965,19.815,0.53173
341.4,-0.00015665,19.829,0.51016
341.93,-0.00015366,19.843,0.48861
342.47,-0.00015066,19.856,0.46707
343.01,-0.00014767,19.869,0.44555
343.55,-0.00014467,19.881,0.42404
344.09,-0.00014168,19.892,0.40255
344.63,-0.00013869,19.903,0.38107
345.17,-0.00013569,19.914,0.35961
345.71,-0.0001327,19.923,0.33825
346.24,-0.00012973,19.933,0.317
346.78,-0.00012676,19.941,0.29575
347.31,-0.00012379,19.949,0.27452
347.85,-0.00012082,19.956,0.2533
348.38,-0.00011786,19.963,0.23208
348.91,-0.00011489,19.969,0.21088
349.45,-0.00011192,19.975,0.18968
349.98,-0.00010895,19.98,0.16849
350.52,-0.00010741,19.985,0.1473
351.05,-0.00010588,19.988,0.12631
351.58,-0.00010437,19.992,0.1055
352.1,-0.00010285,19.995,0.08469
352.63,-0.00010134,19.997,0.063887
353.15,-9.9831e-05,19.998,0.043089
353.68,-9.832e-05,20,0.022292
354.2,-9.6808e-05,20,0.0014984
354.73,-9.5297e-05,20,-0.019294
355.25,-9.3785e-05,20,-0.040085
355.78,-9.2274e-05,19.999,-0.060875
356.31,-9.0763e-05,19.997,-0.082695
356.88,-8.9101e-05,19.995,-0.10555
357.46,-8.744e-05,19.992,-0.12839
358.04,-8.5779e-05,19.988,-0.15124
358.61,-8.4118e-05,19.984,-0.17412
359.19,-8.2457e-05,19.978,-0.19698
359.77,-8.0796e-05,19.973,-0.21972
360.35,-7.9135e-05,19.966,-0.24273
360.92,-7.7474e-05,19.959,-0.26602
361.5,-7.5813e-05,19.952,-0.28783
362.08,-7.4152e-05,19.943,-0.30866
362.6,-7.2656e-05,19.935,-0.33404
363.12,-7.116e-05,19.927,-0.35666
363.64,-6.9664e-05,19.917,-0.35763
364.16,-6.8168e-05,19.908,-0.34532
364.68,-6.6673e-05,19.899,-0.33766
365.2,-6.5177e-05,19.89,-0.3331
365.72,-6.3681e-05,19.881,-0.32718
366.24,-6.2185e-05,19.873,-0.32054
366.76,-6.0689e-05,19.865,-0.31429
367.28,-5.9193e-05,19.856,-0.30807
367.82,-5.764e-05,19.848,-0.30162
368.36,-5.6087e-05,19.84,-0.29514
368.9,-5.4534e-05,19.832,-0.28869
369.43,-5.2981e-05,19.824,-0.28224
369.97,-5.1428e-05,19.816,-0.27578
370.51,-4.9875e-05,19.809,-0.26931
371.05,-4.8322e-05,19.801,-0.26285
371.59,-4.6769e-05,19.794,-0.25638
372.13,-4.5216e-05,19.787,-0.24991
372.67,-4.3663e-05,19.78,-0.24357
373.19,-4.2176e-05,19.774,-0.23737
373.71,-4.0689e-05,19.768,-0.23117
374.22,-3.9202e-05,19.762,-0.22496
374.74,-3.7715e-05,19.756,-0.21876
375.26,-3.6229e-05,19.75,-0.21255
375.77,-3.4742e-05,19.745,-0.20634
376.29,-3.3255e-05,19.739,-0.20013
376.81,-3.1768e-05,19.734,-0.19391
377.32,-3.0281e-05,19.729,-0.1877
377.84,-2.8794e-05,19.724,-0.18133
378.38,-2.7235e-05,19.719,-0.17482
378.92,-2.5677e-05,19.714,-0.1683
379.47,-2.4118e-05,19.71,-0.16178
380.01,-2.256e-05,19.705,-0.15525
380.55,-2.1001e-05,19.701,-0.14873
381.09,-1.9443e-05,19.697,-0.1422
381.63,-1.7884e-05,19.693,-0.13568
382.17,-1.6326e-05,19.689,-0.12915
382.72,-1.4767e-05,19.686,-0.12262
383.26,-1.3209e-05,19.682,-0.11624
383.77,-7.0773e-06,19.679,-0.11001
384.29,-9.4605e-07,19.676,-0.10379
384.81,5.1852e-06,19.674,-0.097558
385.32,1.1316e-05,19.671,-0.091329
385.84,1.7448e-05,19.669,-0.0851
386.35,2.3579e-05,19.666,-0.078869
386.87,2.971e-05,19.664,-0.072638
387.39,3.5841e-05,19.662,-0.066405
387.9,4.1973e-05,19.661,-0.060173
388.42,4.8104e-05,19.659,-0.053808
388.96,5.4494e-05,19.658,-0.04731
389.5,6.0884e-05,19.656,-0.040812
390.03,6.7275e-05,19.655,-0.034313
390.57,7.3665e-05,19.654,-0.027814
391.11,8.0055e-05,19.653,-0.021315
391.65,8.6445e-05,19.653,-0.014815
392.19,9.2836e-05,19.652,-0.0083151
392.72,9.9226e-05,19.652,-0.0018149
393.26,0.00010562,19.652,0.0046857
393.8,0.00011201,19.652,0.010971
394.3,0.00011797,19.653,0.017042
394.8,0.00012394,19.653,0.023113
395.31,0.00012991,19.654,0.029183
395.81,0.00013588,19.654,0.035254
396.31,0.00014184,19.655,0.041324
396.81,0.00014781,19.656,0.047394
397.32,0.00015378,19.658,0.053464
397.82,0.00015975,19.659,0.059534
398.32,0.00016571,19.66,0.065604
398.82,0.00017168,19.662,0.071771
399.34,0.00017784,19.664,0.078036
399.86,0.000184,19.666,0.0843
400.38,0.00019016,19.668,0.090564
400.9,0.00019632,19.671,0.096827
401.42,0.00020249,19.673,0.10309
401.94,0.00020865,19.676,0.10935
402.45,0.00021481,19.679,0.11561
402.97,0.00022097,19.682,0.12187
403.49,0.00022713,19.685,0.12813
404.01,0.00023329,19.688,0.13448
404.54,0.00023963,19.692,0.14093
405.08,0.00024597,19.696,0.14737
405.61,0.00025231,19.7,0.15381
406.15,0.00025866,19.704,0.16024
406.68,0.000265,19.708,0.16668
407.21,0.00027134,19.713,0.17312
407.75,0.00027768,19.718,0.17955
408.28,0.00028402,19.722,0.18599
408.82,0.00029037,19.728,0.19242
409.35,0.00029671,19.733,0.19894
409.9,0.00030324,19.738,0.20556
410.45,0.00030976,19.744,0.21217
411,0.00031629,19.75,0.21878
411.55,0.00032281,19.756,0.22539
412.1,0.00032934,19.762,0.232
412.65,0.00033587,19.769,0.23861
413.2,0.00034239,19.775,0.24521
413.75,0.00034892,19.782,0.25181
414.3,0.00035545,19.789,0.25841
414.85,0.00036197,19.796,0.26473
415.35,0.00035277,19.803,0.27075
415.85,0.00034357,19.81,0.27677
416.35,0.00033437,19.817,0.28278
416.85,0.00032517,19.824,0.28879
417.35,0.00031597,19.831,0.29481
417.85,0.00030677,19.839,0.30085
418.36,0.00029757,19.846,0.30683
418.86,0.00028836,19.854,0.31272
419.36,0.00027916,19.862,0.31885
419.86,0.00026996,19.87,0.3253
420.37,0.00026063,19.878,0.33089
420.88,0.00025131,19.887,0.33545
421.39,0.00024198,19.895,0.34356
421.89,0.00023265,19.904,0.35521
422.4,0.00022333,19.913,0.35298
422.91,0.000214,19.922,0.33149
423.42,0.00020467,19.931,0.30846
423.93,0.00019534,19.939,0.2905
424.44,0.00018602,19.946,0.27281
424.95,0.00017669,19.953,0.25292
425.5,0.00016651,19.96,0.23219
426.05,0.00015634,19.967,0.21183
426.61,0.00014616,19.972,0.19142
427.16,0.00013599,19.978,0.17094
427.72,0.00012581,19.982,0.1505
428.27,0.00011564,19.987,0.13007
428.83,0.00010546,19.99,0.10965
429.38,9.5286e-05,19.993,0.08922
429.94,8.5111e-05,19.996,0.068801
430.49,7.4936e-05,19.998,0.048906
431.02,6.528e-05,19.999,0.029533
431.54,5.5623e-05,20,0.010162
432.07,4.5967e-05,20,-0.0092067
432.6,3.6311e-05,20,-0.028575
433.12,2.6655e-05,19.999,-0.047942
433.65,1.6998e-05,19.998,-0.06731
434.18,7.342e-06,19.996,-0.086678
434.7,-2.3143e-06,19.994,-0.10605
435.23,-1.1971e-05,19.991,-0.12542
435.76,-2.1627e-05,19.988,-0.14449
436.27,-3.0989e-05,19.984,-0.16328
436.78,-4.0351e-05,19.98,-0.18206
437.29,-4.9713e-05,19.975,-0.20085
437.8,-5.9075e-05,19.97,-0.21965
438.31,-6.8437e-05,19.964,-0.23844
438.82,-7.7799e-05,19.958,-0.25725
439.33,-8.7161e-05,19.952,-0.27605
439.84,-9.6523e-05,19.945,-0.29486
440.35,-0.00010588,19.937,-0.31368
440.86,-0.00011525,19.929,-0.33239
441.36,-0.00012449,19.921,-0.35098
441.87,-0.00013373,19.912,-0.36957
442.37,-0.00014298,19.902,-0.38818
442.87,-0.00015222,19.893,-0.40679
443.38,-0.00016146,19.882,-0.42541
443.88,-0.0001707,19.872,-0.44404
444.39,-0.00017995,19.86,-0.46268
444.89,-0.00018919,19.849,-0.48133
445.39,-0.00019843,19.836,-0.49999
445.9,-0.00020768,19.824,-0.51866
446.4,-0.00021692,19.81,-0.53734
446.9,-0.00022616,19.797,-0.55603
447.41,-0.0002354,19.783,-0.57473
447.91,-0.00024464,19.768,-0.59344
448.42,-0.00025388,19.753,-0.61216
448.92,-0.00026312,19.737,-0.6309
449.42,-0.00027236,19.721,-0.64965
449.93,-0.0002816,19.705,-0.66842
450.43,-0.00029084,19.687,-0.6872
450.93,-0.00030008,19.67,-0.70596
451.44,-0.00029205,19.652,-0.7247
451.94,-0.00028402,19.633,-0.74345
452.44,-0.00027599,19.614,-0.76222
452.94,-0.00026796,19.595,-0.781
453.44,-0.00025992,19.575,-0.79981
453.94,-0.00025189,19.554,-0.81863
454.45,-0.00024386,19.533,-0.83747
454.95,-0.00023583,19.512,-0.85633
455.45,-0.0002278,19.49,-0.87521
455.95,-0.00021977,19.467,-0.89408
456.45,-0.00021176,19.444,-0.91294
456.95,-0.00020375,19.421,-0.93183
457.45,-0.00019574,19.397,-0.95074
457.95,-0.00018774,19.372,-0.96966
458.45,-0.00017973,19.347,-0.98862
458.95,-0.00017172,19.322,-1.0076
459.45,-0.00016371,19.296,-1.0266
459.95,-0.0001557,19.269,-1.0456
460.45,-0.0001477,19.242,-1.0647
460.95,-0.00013969,19.214,-1.0848
461.51,-0.00013083,19.183,-1.106
462.06,-0.00012196,19.151,-1.1272
462.61,-0.0001131,19.119,-1.1484
463.17,-0.00010424,19.085,-1.1696
463.72,-9.5373e-05,19.051,-1.1909
464.27,-8.651e-05,19.017,-1.2122
464.83,-7.7647e-05,18.981,-1.2336
465.38,-6.8784e-05,18.945,-1.255
465.93,-5.9921e-05,18.909,-1.2764
466.49,-5.1058e-05,18.871,-1.2979
467.04,-4.2225e-05,18.833,-1.3193
467.59,-3.3393e-05,18.795,-1.3408
468.14,-2.456e-05,18.755,-1.3623
468.69,-1.5727e-05,18.715,-1.3839
469.25,-6.8945e-06,18.675,-1.4055
469.8,1.9382e-06,18.633,-1.4272
470.35,1.0771e-05,18.591,-1.4489
470.9,1.9604e-05,18.548,-1.4706
471.45,2.8437e-05,18.504,-1.4924
472,3.7269e-05,18.46,-1.5142
472.55,4.603e-05,18.415,-1.5359
473.1,5.479e-05,18.369,-1.5577
473.65,6.3551e-05,18.323,-1.5795
474.19,7.2311e-05,18.275,-1.6013
474.74,8.1072e-05,18.228,-1.6233
475.29,8.9832e-05,18.179,-1.6453
475.84,9.8593e-05,18.129,-1.6672
476.38,0.00010735,18.079,-1.6894
476.93,0.00011611,18.028,-1.7118
477.48,0.00012487,17.976,-1.7335
478.02,0.00013363,17.923,-1.7552
478.57,0.00014238,17.87,-1.78
479.12,0.00015114,17.815,-1.8034
479.66,0.00015989,17.76,-1.814
480.21,0.00016864,17.704,-1.8178
480.76,0.0001774,17.648,-1.8247
481.3,0.00018615,17.591,-1.8327
481.85,0.00019491,17.534,-1.8399
482.4,0.00020366,17.477,-1.847
482.94,0.00021241,17.419,-1.8544
483.5,0.00022129,17.36,-1.8618
484.05,0.00023018,17.301,-1.8693
484.61,0.00023906,17.241,-1.8767
485.16,0.00024794,17.18,-1.8842
485.72,0.00023253,17.119,-1.8917
486.27,0.00021712,17.058,-1.8992
486.83,0.00020171,16.996,-1.9068
487.38,0.00018631,16.934,-1.9144
487.94,0.0001709,16.871,-1.922
488.49,0.00015549,16.808,-1.929
488.99,0.00014151,16.751,-1.9359
489.5,0.00012752,16.692,-1.9429
490,0.00011353,16.634,-1.9499
490.51,9.9546e-05,16.575,-1.9569
491.01,8.5559e-05,16.515,-1.964
491.51,7.1572e-05,16.455,-1.971
492.02,5.7585e-05,16.395,-1.9781
492.52,4.3598e-05,16.334,-1.9853
493.02,2.9611e-05,16.273,-1.9924
493.53,1.5624e-05,16.211,-1.9997
494.04,1.4626e-06,16.149,-2.007
494.55,-1.2699e-05,16.085,-2.0143
495.06,-2.686e-05,16.021,-2.0216
495.57,-4.1021e-05,15.957,-2.029
496.08,-5.5182e-05,15.892,-2.0364
496.59,-6.9344e-05,15.827,-2.0438
497.1,-8.3505e-05,15.761,-2.0513
497.61,-9.7666e-05,15.695,-2.0588
498.11,-0.00011183,15.628,-2.0663
498.62,-0.00012599,15.56,-2.0739
499.14,-0.00014018,15.492,-2.0815
499.65,-0.00015438,15.424,-2.0891
500.16,-0.00016857,15.354,-2.0968
500.67,-0.00018277,15.285,-2.1045
501.18,-0.00019696,15.214,-2.1122
501.69,-0.00021116,15.143,-2.12
502.2,-0.00022535,15.072,-2.1278
502.71,-0.00023955,15,-2.1356
503.22,-0.00025374,14.927,-2.1435
503.74,-0.00026794,14.853,-2.1521
504.29,-0.0002833,14.773,-2.1607
504.84,-0.00029865,14.692,-2.1694
505.39,-0.00031401,14.611,-2.1781
505.95,-0.00032937,14.528,-2.1868
506.5,-0.00034473,14.445,-2.1956
507.05,-0.00036009,14.361,-2.2044
507.61,-0.00037545,14.276,-2.2133
508.16,-0.00039081,14.191,-2.2222
508.71,-0.00040617,14.104,-2.2312
509.26,-0.00042153,14.016,-2.24
509.8,-0.00043648,13.93,-2.2488
510.34,-0.00045144,13.844,-2.2577
510.88,-0.0004664,13.756,-2.2666
511.42,-0.00048136,13.667,-2.2756
511.96,-0.00049631,13.577,-2.2847
512.5,-0.00051127,13.487,-2.2938
513.03,-0.00052623,13.395,-2.303
513.57,-0.00054119,13.303,-2.3122
514.11,-0.00055614,13.209,-2.3215
514.65,-0.0005711,13.114,-2.3309
515.19,-0.00058612,13.018,-2.3403
515.73,-0.00060114,12.921,-2.3498
516.27,-0.00061616,12.823,-2.3594
516.81,-0.00063117,12.723,-2.369
517.35,-0.00064619,12.623,-2.3787
517.89,-0.00066121,12.521,-2.3885
518.43,-0.00067623,12.418,-2.3983
518.97,-0.00069124,12.313,-2.4083
519.52,-0.0013567,12.207,-2.4182
520.06,-0.0020221,12.1,-2.428
520.59,-0.0026767,11.994,-2.4381
521.12,-0.0033313,11.885,-2.4482
521.65,-0.0039859,11.776,-2.4578
522.18,-0.0046405,11.665,-2.4681
522.72,-0.0052951,11.552,-2.4807
523.25,-0.0059497,11.438,-2.4901
523.78,-0.0066043,11.322,-2.4904
524.31,-0.0072589,11.205,-2.488
524.84,-0.0079135,11.087,-2.4879
525.37,-0.0092444,10.968,-2.4879
525.89,-0.010542,10.85,-2.4875
526.41,-0.011839,10.731,-2.4871
526.93,-0.013136,10.611,-2.4868
527.45,-0.014434,10.49,-2.4865
527.97,-0.015731,10.367,-2.4862
528.48,-0.017028,10.243,-2.4858
529,-0.018326,10.117,-2.4855
529.52,-0.019623,9.9894,-2.4851
530.04,-0.02092,9.8604,-2.4847
530.56,-0.022218,9.7298,-2.4853
531.11,-0.023587,9.5901,-2.485
531.65,-0.024956,9.4483,-2.4838
532.2,-0.026324,9.3045,-2.4835
532.75,-0.027693,9.1585,-2.4857
533.29,-0.029062,9.01,-2.4831
533.84,-0.030431,8.8593,-2.4726
534.39,-0.0318,8.7066,-2.486
534.93,-0.033169,8.5504,-2.5173
535.48,-0.034538,8.3893,-2.4409
536.03,-0.035907,8.2302,-2.2578
536.55,-0.037219,8.0863,-2.0879
537.08,-0.034571,7.9509,-1.938
537.6,-0.031922,7.823,-1.7801
538.13,-0.029273,7.7036,-1.6145
538.65,-0.026625,7.5937,-1.4492
539.18,-0.023976,7.4936,-1.281
539.7,-0.021327,7.404,-1.1041
540.23,-0.018678,7.3257,-0.93178
540.75,-0.01603,7.259,-0.77737
541.27,-0.013381,7.2028,-0.59036
541.78,-0.010818,7.1612,-0.33616
542.29,-0.0082553,7.1374,-0.21269
542.8,-0.0056926,7.1223,-0.37143
543.3,-0.0031299,7.0958,-0.60337
543.81,-0.00056712,7.0527,-0.75176
544.32,0.0019956,6.9986,-0.90941
544.83,0.0045584,6.9326,-1.1292
545.33,0.0071211,6.85,-1.2465
545.84,0.0096838,6.7576,-1.1735
546.35,0.012247,6.6695,-1.0606
546.89,0.014991,6.5831,-0.99444
547.44,0.017735,6.501,-0.93231
547.98,0.02048,6.423,-0.85635
548.52,0.023224,6.3506,-0.78003
549.07,0.025969,6.2838,-0.7057
549.61,0.028713,6.2228,-0.62996
550.15,0.031457,6.1678,-0.55275
550.7,0.034202,6.1191,-0.47494
551.24,0.036946,6.0769,-0.39652
551.78,0.03969,6.0414,-0.31819
552.32,0.042377,6.0134,-0.24007
552.85,0.045063,5.9922,-0.16135
553.38,0.047749,5.9778,-0.082461
553.91,0.050436,5.9705,-0.0034096
554.44,0.053122,5.9702,0.076959
554.98,0.055808,5.9771,0.15807
555.51,0.058495,5.9911,0.23457
556.04,0.061181,6.0119,0.31093
556.57,0.063867,6.0395,0.40612
557.1,0.066553,6.0752,0.49322
557.62,0.065732,6.117,0.50616
558.13,0.06491,6.1596,0.47006
558.65,0.064089,6.1988,0.44888
559.16,0.063267,6.2361,0.44004
559.68,0.062446,6.2724,0.42686
560.19,0.061625,6.3074,0.41079
560.71,0.060803,6.3409,0.39608
561.22,0.059982,6.3731,0.38219
561.73,0.05916,6.4039,0.36801
562.25,0.058339,6.4335,0.35388
562.75,0.057533,6.4613,0.34003
563.26,0.056727,6.4878,0.3263
563.76,0.055921,6.5132,0.31259
564.27,0.055115,6.5374,0.29894
564.77,0.054309,6.5605,0.28535
565.28,0.053503,6.5825,0.27182
565.78,0.052697,6.6033,0.25833
566.29,0.051891,6.6231,0.24489
566.79,0.051084,6.6418,0.2315
567.3,0.050278,6.6594,0.21779
567.83,0.050392,6.6767,0.20381
568.36,0.050507,6.6929,0.18988
568.89,0.050621,6.7079,0.17598
569.42,0.050735,6.7219,0.16212
569.95,0.050849,6.7346,0.14829
570.48,0.050963,6.7463,0.13449
571.01,0.051077,6.7569,0.12072
571.54,0.051191,6.7664,0.10698
572.07,0.051305,6.7748,0.093256
572.6,0.051419,6.7821,0.079617
573.13,0.051532,6.7882,0.066052
573.65,0.051646,6.7933,0.052488
574.18,0.051759,6.7974,0.038952
574.7,0.051872,6.8004,0.025485
575.23,0.051985,6.8024,0.011953
575.76,0.052098,6.8033,-0.001776
576.28,0.052211,6.8032,-0.015137
576.81,0.052324,6.802,-0.027787
577.33,0.052437,6.7999,-0.042104
577.86,0.052551,6.7966,-0.058768
578.39,0.052664,6.792,-0.068024
578.92,0.052778,6.7867,-0.066185
579.45,0.052892,6.7816,-0.063641
579.98,0.053006,6.7766,-0.063873
580.51,0.05312,6.7716,-0.064012
581.04,0.053234,6.7666,-0.06347
581.56,0.053348,6.7616,-0.063015
582.09,0.053462,6.7567,-0.062721
582.62,0.053576,6.7518,-0.062391
583.15,0.053689,6.7469,-0.062031
583.66,0.053798,6.7423,-0.061693
584.16,0.053906,6.7377,-0.061363
584.66,0.054014,6.7331,-0.061029
585.16,0.054122,6.7285,-0.060693
585.67,0.05423,6.724,-0.060358
586.17,0.054339,6.7195,-0.060023
586.67,0.054447,6.715,-0.059687
587.18,0.054513,6.7105,-0.059351
587.68,0.05458,6.7061,-0.059015
588.18,0.054647,6.7016,-0.058671
588.71,0.054717,6.697,-0.058316
589.24,0.054787,6.6924,-0.057962
589.77,0.054857,6.6878,-0.057607
590.3,0.054927,6.6832,-0.057252
590.83,0.054998,6.6787,-0.056896
591.36,0.055068,6.6742,-0.056541
591.89,0.055138,6.6697,-0.056185
592.42,0.055208,6.6652,-0.055829
592.95,0.055278,6.6608,-0.055472
593.48,0.055348,6.6564,-0.055121
593.99,0.055416,6.6522,-0.054776
594.5,0.055484,6.6479,-0.054431
595.02,0.055552,6.6437,-0.054085
595.53,0.05562,6.6396,-0.05374
596.04,0.055688,6.6354,-0.053394
596.55,0.055756,6.6313,-0.053048
597.06,0.055824,6.6272,-0.052701
597.58,0.055891,6.6231,-0.052355
598.09,0.055959,6.6191,-0.052008
598.6,0.056027,6.6151,-0.051658
599.12,0.056096,6.611,-0.051304
599.65,0.056165,6.6069,-0.05095
600.17,0.056235,6.6029,-0.050595
600.69,0.056304,6.5989,-0.050241
601.21,0.056373,6.5949,-0.049886
601.73,0.056442,6.591,-0.049531
602.26,0.056511,6.5871,-0.049176
602.78,0.056581,6.5832,-0.04882
603.3,0.05665,6.5793,-0.048464
603.82,0.056719,6.5754,-0.04811
604.34,0.056787,6.5717,-0.047758
604.86,0.056856,6.5679,-0.047406
605.37,0.056924,6.5642,-0.047054
605.89,0.056993,6.5605,-0.046701
606.4,0.057061,6.5568,-0.046348
606.92,0.057129,6.5532,-0.045994
607.44,0.057198,6.5495,-0.045643
607.95,0.057266,6.5459,-0.045294
608.47,0.057335,6.5424,-0.04493
608.99,0.057403,6.5388,-0.044557
609.52,0.057473,6.5352,-0.044239
610.05,0.057543,6.5316,-0.04392
610.58,0.057614,6.5281,-0.043354
611.11,0.057684,6.5245,-0.04289
611.64,0.057754,6.521,-0.043383
612.17,0.057824,6.5175,-0.043087
612.7,0.057895,6.514,-0.039211
613.23,0.057965,6.5108,-0.039896
613.76,0.058035,6.5076,-0.053391
614.29,0.058105,6.5032,-0.043263
614.83,0.058177,6.4996,0.020812
615.37,0.055499,6.5014,0.096635
615.91,0.052821,6.5094,0.15903
616.45,0.050142,6.5226,0.22032
616.99,0.047464,6.5408,0.28498
617.53,0.044786,6.5644,0.34935
618.07,0.042108,6.5931,0.4128
618.61,0.03943,6.6269,0.47612
619.15,0.036751,6.6658,0.53941
619.69,0.034073,6.7095,0.60037
620.19,0.031591,6.7543,0.6584
620.69,0.029108,6.8031,0.71553
621.19,0.026625,6.8558,0.77292
621.69,0.024142,6.9122,0.83214
622.19,0.02166,6.9725,0.8886
622.69,0.019177,7.0363,0.93609
623.19,0.016694,7.103,0.99208
623.69,0.014211,7.1729,1.08
624.2,0.011728,7.2483,1.1329
624.7,0.0092456,7.3266,1.0464
625.27,0.0064264,7.4078,0.88804
625.83,0.0036578,7.476,0.76719
626.4,0.00088918,7.5343,0.668
626.97,-0.0018794,7.5847,0.56599
627.54,-0.004648,7.6272,0.40689
628.11,-0.0074166,7.6575,0.27523
628.68,-0.010185,7.678,0.39891
629.25,-0.012954,7.7075,0.64918
629.81,-0.015722,7.7554,0.8369
630.38,-0.018491,7.8168,1.0004
630.9,-0.020252,7.8834,1.1716
631.42,-0.022014,7.9608,1.3427
631.95,-0.023775,8.0487,1.5081
632.47,-0.025536,8.1462,1.6736
632.99,-0.027297,8.2532,1.8392
633.51,-0.029059,8.3693,1.9957
634.03,-0.03082,8.4935,2.149
634.55,-0.032581,8.6253,2.3288
635.07,-0.03152,8.7659,2.5021
635.59,-0.03046,8.9146,2.5579
636.1,-0.02943,9.0595,2.5227
636.6,-0.028401,9.2002,2.5081
637.11,-0.027372,9.338,2.5172
637.61,-0.026343,9.4742,2.5203
638.12,-0.025314,9.6086,2.5172
638.62,-0.024285,9.741,2.5157
639.13,-0.023256,9.8715,2.5161
639.63,-0.022226,10,2.5159
640.14,-0.021197,10.127,2.5153
640.64,-0.020168,10.253,2.5141
641.17,-0.019092,10.382,2.5139
641.7,-0.018017,10.51,2.5135
642.23,-0.016941,10.637,2.5132
642.76,-0.015865,10.761,2.5129
643.28,-0.014789,10.885,2.5126
643.81,-0.013714,11.007,2.5123
644.34,-0.012638,11.127,2.5121
644.87,-0.011562,11.246,2.512
645.4,-0.010486,11.364,2.5116
645.93,-0.0094104,11.481,2.5114
646.43,-0.0083781,11.592,2.512
646.94,-0.0075055,11.702,2.5134
647.45,-0.0066329,11.811,2.5101
647.95,-0.0057603,11.918,2.5012
648.46,-0.0048877,12.025,2.4922
648.97,-0.0040151,12.13,2.485
649.47,-0.0031425,12.234,2.4778
649.98,-0.0022699,12.336,2.4702
650.49,-0.0013974,12.438,2.4627
650.99,-0.00052476,12.538,2.4553
651.5,0.00035368,12.638,2.4481
652.01,0.00035006,12.737,2.4408
652.52,0.00034644,12.835,2.4336
653.03,0.00034282,12.931,2.4265
653.54,0.0003392,13.027,2.4194
654.05,0.00033558,13.122,2.4124
654.57,0.00033196,13.216,2.4055
655.08,0.00032834,13.308,2.3986
655.59,0.00032472,13.4,2.3918
656.1,0.00032111,13.491,2.3843
656.64,0.00031726,13.587,2.3771
657.18,0.00031341,13.682,2.37
657.72,0.00030956,13.776,2.363
658.27,0.00030571,13.869,2.356
658.81,0.00030186,13.961,2.349
659.35,0.00029802,14.053,2.3421
659.89,0.00029417,14.143,2.3353
660.44,0.00029032,14.233,2.3285
660.98,0.00028647,14.321,2.3218
661.52,0.00028262,14.409,2.3151
662.06,0.0002788,14.496,2.3085
662.6,0.00027499,14.582,2.302
663.14,0.00027117,14.667,2.2954
663.67,0.00026735,14.751,2.289
664.21,0.00026353,14.834,2.2825
664.75,0.00025971,14.917,2.2761
665.29,0.00025589,14.999,2.2697
665.83,0.00025207,15.081,2.2634
666.37,0.00024826,15.162,2.2571
666.9,0.00024444,15.242,2.251
667.43,0.00024069,15.32,2.2449
667.96,0.00023694,15.397,2.2388
668.49,0.00023319,15.474,2.2328
669.02,0.00022944,15.55,2.2268
669.55,0.0002257,15.626,2.2208
670.07,0.00022195,15.701,2.2148
670.6,0.0002182,15.776,2.2089
671.13,0.00021445,15.85,2.203
671.66,0.0002107,15.923,2.1971
672.19,0.00020695,15.996,2.1916
672.7,0.00020334,16.066,2.186
673.21,0.00019972,16.135,2.1804
673.72,0.0001961,16.204,2.1748
674.23,0.00019248,16.273,2.1693
674.74,0.00018886,16.341,2.1638
675.25,0.00018525,16.408,2.1583
675.76,0.00018163,16.475,2.1528
676.27,0.00017801,16.542,2.1474
676.78,0.00017439,16.608,2.142
677.29,0.00017077,16.674,2.1361
677.83,0.00016691,16.744,2.1304
678.38,0.00016305,16.813,2.1247
678.92,0.00015918,16.882,2.119
679.47,0.00015532,16.95,2.1133
680.01,0.00015145,17.018,2.1077
680.56,0.00014759,17.086,2.1021
681.1,0.00014372,17.153,2.0965
681.65,0.00013986,17.219,2.091
682.19,0.00013599,17.286,2.0854
682.74,0.00013213,17.351,2.0803
683.25,0.00012851,17.412,2.0752
683.76,0.00012489,17.473,2.07
684.27,0.00012128,17.534,2.0649
684.78,0.00011766,17.594,2.0598
685.29,0.00011404,17.653,2.0548
685.8,0.00011042,17.713,2.0497
686.31,0.00010681,17.772,2.0447
686.82,0.00010319,17.83,2.0395
687.33,9.9571e-05,17.889,2.0346
687.84,9.5953e-05,17.947,2.0296
688.39,9.2041e-05,18.009,2.0236
688.94,8.8129e-05,18.071,2.0167
689.49,8.4217e-05,18.133,2.0152
690.04,8.0305e-05,18.194,2.0138
690.59,7.6393e-05,18.255,1.9891
691.15,7.2481e-05,18.315,1.9479
691.7,6.8569e-05,18.374,1.912
692.25,6.4657e-05,18.431,1.8793
692.8,6.0745e-05,18.487,1.8451
693.35,5.6833e-05,18.542,1.8118
693.87,5.3192e-05,18.593,1.7801
694.38,4.9551e-05,18.642,1.7485
694.89,4.5911e-05,18.69,1.7169
695.41,4.227e-05,18.737,1.6854
695.92,3.8629e-05,18.783,1.654
696.43,3.4988e-05,18.828,1.6227
696.95,3.1347e-05,18.873,1.5915
697.46,2.7707e-05,18.916,1.5603
697.97,2.4066e-05,18.958,1.5292
698.49,2.0425e-05,19,1.4984
698.99,1.6831e-05,19.04,1.4678
699.5,1.3237e-05,19.079,1.4374
700.01,9.643e-06,19.117,1.4069
700.51,6.0491e-06,19.154,1.3766
701.02,2.4551e-06,19.19,1.3463
701.53,-1.1389e-06,19.226,1.3161
702.03,-4.7329e-06,19.261,1.2859
702.54,-8.3269e-06,19.295,1.2558
703.05,-1.1921e-05,19.328,1.2257
703.55,-1.5515e-05,19.36,1.1955
704.06,-1.9153e-05,19.391,1.1652
704.58,-2.2791e-05,19.422,1.1349
705.09,-2.6429e-05,19.452,1.1047
705.6,-3.0067e-05,19.481,1.0745
706.12,-3.3705e-05,19.51,1.0444
706.63,-3.7343e-05,19.537,1.0143
707.14,-4.0981e-05,19.564,0.98432
707.65,-4.4619e-05,19.589,0.95434
708.17,-4.8257e-05,19.614,0.9244
708.68,-5.1896e-05,19.639,0.89424
709.2,-5.5592e-05,19.662,0.8639
709.72,-5.9289e-05,19.685,0.83359
710.24,-6.2986e-05,19.707,0.80333
710.77,-6.6683e-05,19.729,0.7731
711.29,-7.038e-05,19.749,0.7429
711.81,-7.4077e-05,19.769,0.71274
712.33,-7.7774e-05,19.787,0.68261
712.85,-8.1471e-05,19.805,0.65251
713.37,-8.5168e-05,19.822,0.62244
713.89,-8.8865e-05,19.839,0.59213
714.42,-9.2627e-05,19.855,0.56159
714.95,-9.6389e-05,19.87,0.53108
715.48,-0.00010015,19.884,0.50059
716.01,-0.00010391,19.897,0.47012
716.54,-0.00010767,19.91,0.43968
717.07,-0.00011144,19.921,0.40926
717.6,-0.0001152,19.932,0.37886
718.14,-0.00011896,19.942,0.34848
718.67,-0.00012272,19.952,0.31811
719.2,-0.00012648,19.96,0.28736
719.74,-0.00013035,19.968,0.25621
720.29,-0.00014594,19.975,0.22508
720.83,-0.00016153,19.981,0.19397
721.37,-0.00017712,19.986,0.16286
721.92,-0.00019271,19.991,0.13177
722.46,-0.0002083,19.994,0.10068
723.01,-0.0002239,19.997,0.069603
723.55,-0.00023949,19.999,0.038532
724.1,-0.00025508,20,0.007466
724.64,-0.00027067,20,-0.023847
725.19,-0.00028651,20,-0.055409
725.75,-0.00030236,19.998,-0.08697
726.3,-0.0003182,19.996,-0.11853
726.86,-0.00033404,19.992,-0.15009
727.41,-0.00034989,19.988,-0.18166
727.96,-0.00036573,19.983,-0.21323
728.52,-0.00038157,19.977,-0.2448
729.07,-0.00039742,19.971,-0.27639
729.62,-0.00041326,19.963,-0.30798
730.18,-0.0004291,19.954,-0.33878
730.7,-0.00044415,19.945,-0.36879
731.23,-0.00045919,19.936,-0.39882
731.75,-0.00047424,19.925,-0.42885
732.28,-0.00048928,19.914,-0.45891
732.8,-0.00050432,19.902,-0.48897
733.33,-0.00051937,19.889,-0.51906
733.85,-0.00053441,19.875,-0.54916
734.38,-0.00054946,19.861,-0.57927
734.9,-0.0005645,19.845,-0.60941
735.43,-0.00057954,19.829,-0.6404
735.98,-0.00059539,19.811,-0.6722
736.54,-0.00061125,19.793,-0.70403
737.09,-0.0006271,19.773,-0.73589
737.64,-0.00064295,19.752,-0.76778
738.2,-0.0006588,19.731,-0.7997
738.75,-0.00067466,19.708,-0.83165
739.31,-0.00069051,19.685,-0.86364
739.86,-0.00070636,19.661,-0.89566
740.41,-0.00072221,19.635,-0.92771
740.97,-0.00073806,19.609,-0.95912
741.5,-0.00075327,19.583,-0.98993
742.03,-0.00076847,19.556,-1.0208
742.56,-0.00078367,19.529,-1.0517
743.09,-0.00079887,19.5,-1.0826
743.62,-0.00081407,19.471,-1.1136
744.15,-0.00082927,19.44,-1.1446
744.68,-0.00084447,19.409,-1.1757
745.21,-0.00085967,19.377,-1.2068
745.74,-0.00087488,19.344,-1.2379
746.28,-0.00089008,19.31,-1.2687
746.79,-0.00090488,19.276,-1.2991
747.31,-0.00091969,19.241,-1.3296
747.83,-0.00093449,19.205,-1.3602
748.34,-0.0009493,19.169,-1.3908
748.86,-0.0009641,19.131,-1.4214
749.38,-0.00097891,19.093,-1.4521
749.9,-0.00099371,19.053,-1.4829
750.41,-0.0010085,19.013,-1.5137
750.93,-0.0010233,18.972,-1.5137
